timestamp_utc,run_id,parent,fold,target,labels,anomaly_target,target_form,retrieval,backbone,hot_weight,early_stop,seeds,config_sha256,data_sha256,code_sha256,git_commit,git_dirty,device,torch_threads,torch_version,n_fit_windows,n_stop_windows,n_val_windows,val_rmse_all,val_rmse_extreme,clim_rmse_all,clim_rmse_extreme,persist_rmse_all,persist_rmse_extreme,skill_clim_all,skill_clim_extreme,skill_persist_all,skill_persist_extreme,wall_seconds
2026-10-05T16:45:25+00:00,A1prime,A1,f1,t_max,v2,False,,,,20,inner_2y,0 1 2 3 4 5 6 7 8 9,97ac3f737b0994e73ab75c1561c83b3a5cfb74361de021498b5ddb07adfbf8c0,70cdcb274bdb314a20d789206963c1437762734f520c0a33e38b88c2ce099f80,795b83cbe37da07fae8fec81426033e4edbcdae10984f607db1e2c508207dd69,ba6659bcc5dccb3943bad577a722f7793fe7b8c3,False,cpu,8,2.14.1+cpu,9114,726,1092,2.354468,1.046807,2.721849,4.573185,2.5896,2.66772,0.134975,0.771099,0.090799,0.607602,169.8
2026-10-05T16:48:23+00:00,A1prime,A1,f2,t_max,v2,False,,,,20,inner_2y,0 1 2 3 4 5 6 7 8 9,97ac3f737b0994e73ab75c1561c83b3a5cfb74361de021498b5ddb07adfbf8c0,70cdcb274bdb314a20d789206963c1437762734f520c0a33e38b88c2ce099f80,795b83cbe37da07fae8fec81426033e4edbcdae10984f607db1e2c508207dd69,ba6659bcc5dccb3943bad577a722f7793fe7b8c3,False,cpu,8,2.14.1+cpu,10209,727,1092,2.187338,1.518395,2.572437,4.722474,2.449487,2.435357,0.149702,0.678475,0.107022,0.376521,178.5
2026-10-05T16:52:12+00:00,A1prime,A1,f3,t_max,v2,False,,,,20,inner_2y,0 1 2 3 4 5 6 7 8 9,97ac3f737b0994e73ab75c1561c83b3a5cfb74361de021498b5ddb07adfbf8c0,70cdcb274bdb314a20d789206963c1437762734f520c0a33e38b88c2ce099f80,795b83cbe37da07fae8fec81426033e4edbcdae10984f607db1e2c508207dd69,ba6659bcc5dccb3943bad577a722f7793fe7b8c3,False,cpu,8,2.14.1+cpu,11305,727,1091,2.381599,1.954911,2.694036,4.419761,2.720575,2.456042,0.115974,0.557689,0.124597,0.20404,229.0
2026-10-05T16:55:42+00:00,A1prime,A1,f4,t_max,v2,False,,,,20,inner_2y,0 1 2 3 4 5 6 7 8 9,97ac3f737b0994e73ab75c1561c83b3a5cfb74361de021498b5ddb07adfbf8c0,70cdcb274bdb314a20d789206963c1437762734f520c0a33e38b88c2ce099f80,795b83cbe37da07fae8fec81426033e4edbcdae10984f607db1e2c508207dd69,ba6659bcc5dccb3943bad577a722f7793fe7b8c3,False,cpu,8,2.14.1+cpu,12401,726,1092,2.233455,1.653863,2.344342,4.211984,2.61508,3.145754,0.0473,0.607344,0.145933,0.474256,209.6
2026-10-05T16:58:49+00:00,A2,A1prime,f1,wbgt_bom_max,v2,False,,,,20,inner_2y,0 1 2 3 4 5 6 7 8 9,f5c3d2ea3af1fcdb197657fa2ac4be3e1227ee39a113c5ce9a20dc5ea0fd17ab,70cdcb274bdb314a20d789206963c1437762734f520c0a33e38b88c2ce099f80,795b83cbe37da07fae8fec81426033e4edbcdae10984f607db1e2c508207dd69,ba6659bcc5dccb3943bad577a722f7793fe7b8c3,False,cpu,8,2.14.1+cpu,9114,726,1092,1.642451,1.381309,1.922413,2.226885,2.004831,2.180061,0.14563,0.379713,0.180753,0.36639,183.1
2026-10-05T17:02:07+00:00,A2,A1prime,f2,wbgt_bom_max,v2,False,,,,20,inner_2y,0 1 2 3 4 5 6 7 8 9,f5c3d2ea3af1fcdb197657fa2ac4be3e1227ee39a113c5ce9a20dc5ea0fd17ab,70cdcb274bdb314a20d789206963c1437762734f520c0a33e38b88c2ce099f80,795b83cbe37da07fae8fec81426033e4edbcdae10984f607db1e2c508207dd69,ba6659bcc5dccb3943bad577a722f7793fe7b8c3,False,cpu,8,2.14.1+cpu,10209,727,1092,1.548325,1.105431,1.793983,1.817435,1.878535,1.81667,0.136934,0.391763,0.175781,0.391507,198.1
2026-10-05T17:05:51+00:00,A2,A1prime,f3,wbgt_bom_max,v2,False,,,,20,inner_2y,0 1 2 3 4 5 6 7 8 9,f5c3d2ea3af1fcdb197657fa2ac4be3e1227ee39a113c5ce9a20dc5ea0fd17ab,70cdcb274bdb314a20d789206963c1437762734f520c0a33e38b88c2ce099f80,795b83cbe37da07fae8fec81426033e4edbcdae10984f607db1e2c508207dd69,ba6659bcc5dccb3943bad577a722f7793fe7b8c3,False,cpu,8,2.14.1+cpu,11305,727,1091,1.50705,0.963174,1.682169,1.633301,1.801455,1.464423,0.104103,0.41029,0.163426,0.342284,223.9
2026-10-05T17:09:20+00:00,A2,A1prime,f4,wbgt_bom_max,v2,False,,,,20,inner_2y,0 1 2 3 4 5 6 7 8 9,f5c3d2ea3af1fcdb197657fa2ac4be3e1227ee39a113c5ce9a20dc5ea0fd17ab,70cdcb274bdb314a20d789206963c1437762734f520c0a33e38b88c2ce099f80,795b83cbe37da07fae8fec81426033e4edbcdae10984f607db1e2c508207dd69,ba6659bcc5dccb3943bad577a722f7793fe7b8c3,False,cpu,8,2.14.1+cpu,12401,726,1092,1.504759,1.863236,2.049639,3.401618,1.921566,2.129883,0.265842,0.45225,0.21691,0.125193,209.5
2026-10-05T17:11:55+00:00,A2r,A2,f1,wbgt_bom_max,v2,True,,,,20,inner_2y,0 1 2 3 4 5 6 7 8 9,ddacff34a906e8460854ff3774d3abab65a1c4f3af24bb6e3b06456c5c778837,70cdcb274bdb314a20d789206963c1437762734f520c0a33e38b88c2ce099f80,795b83cbe37da07fae8fec81426033e4edbcdae10984f607db1e2c508207dd69,ba6659bcc5dccb3943bad577a722f7793fe7b8c3,False,cpu,8,2.14.1+cpu,9114,726,1092,1.637888,1.366833,1.922413,2.226885,2.004831,2.180061,0.148004,0.386213,0.18303,0.37303,149.3
2026-10-05T17:14:20+00:00,A2r,A2,f2,wbgt_bom_max,v2,True,,,,20,inner_2y,0 1 2 3 4 5 6 7 8 9,ddacff34a906e8460854ff3774d3abab65a1c4f3af24bb6e3b06456c5c778837,70cdcb274bdb314a20d789206963c1437762734f520c0a33e38b88c2ce099f80,795b83cbe37da07fae8fec81426033e4edbcdae10984f607db1e2c508207dd69,ba6659bcc5dccb3943bad577a722f7793fe7b8c3,False,cpu,8,2.14.1+cpu,10209,727,1092,1.539142,1.144319,1.793983,1.817435,1.878535,1.81667,0.142053,0.370366,0.180669,0.3701,145.2
2026-10-05T17:17:38+00:00,A2r,A2,f3,wbgt_bom_max,v2,True,,,,20,inner_2y,0 1 2 3 4 5 6 7 8 9,ddacff34a906e8460854ff3774d3abab65a1c4f3af24bb6e3b06456c5c778837,70cdcb274bdb314a20d789206963c1437762734f520c0a33e38b88c2ce099f80,795b83cbe37da07fae8fec81426033e4edbcdae10984f607db1e2c508207dd69,ba6659bcc5dccb3943bad577a722f7793fe7b8c3,False,cpu,8,2.14.1+cpu,11305,727,1091,1.471318,0.8915,1.682169,1.633301,1.801455,1.464423,0.125345,0.454173,0.183261,0.391228,197.9
2026-10-05T17:21:32+00:00,A2r,A2,f4,wbgt_bom_max,v2,True,,,,20,inner_2y,0 1 2 3 4 5 6 7 8 9,ddacff34a906e8460854ff3774d3abab65a1c4f3af24bb6e3b06456c5c778837,70cdcb274bdb314a20d789206963c1437762734f520c0a33e38b88c2ce099f80,795b83cbe37da07fae8fec81426033e4edbcdae10984f607db1e2c508207dd69,ba6659bcc5dccb3943bad577a722f7793fe7b8c3,False,cpu,8,2.14.1+cpu,12401,726,1092,1.499061,2.142637,2.049639,3.401618,1.921566,2.129883,0.268622,0.370112,0.219875,-0.005988,233.9
2026-10-05T18:22:05+00:00,A2L_t,A1prime,f1,wbgt_lj_max,v2,False,raw,,,20,inner_2y,0 1 2 3 4 5 6 7 8 9,e289341523d27037dbf47581b707add52df44bfc51afe412ccdd61474c8cd2a2,6e5de4167d3043a37b6c26aed948f48e971950e58cf3250454d96787a3b3079d,bf31af5f7dde0a4bb233ad6b2210370b9361caf747e754397322bd6d94defa9b,ba6659bcc5dccb3943bad577a722f7793fe7b8c3,True,cpu,8,2.14.1+cpu,9114,726,1092,2.457524,1.926359,2.617619,2.536212,3.071003,2.693902,0.061161,0.240458,0.199765,0.284919,151.6
2026-10-05T18:25:18+00:00,A2L_t,A1prime,f2,wbgt_lj_max,v2,False,raw,,,20,inner_2y,0 1 2 3 4 5 6 7 8 9,e289341523d27037dbf47581b707add52df44bfc51afe412ccdd61474c8cd2a2,6e5de4167d3043a37b6c26aed948f48e971950e58cf3250454d96787a3b3079d,bf31af5f7dde0a4bb233ad6b2210370b9361caf747e754397322bd6d94defa9b,ba6659bcc5dccb3943bad577a722f7793fe7b8c3,True,cpu,8,2.14.1+cpu,10209,727,1092,2.285209,1.862824,2.395362,1.827454,2.9531,2.481009,0.045986,-0.019355,0.226166,0.249167,193.2
2026-10-05T18:28:08+00:00,A2L_t,A1prime,f3,wbgt_lj_max,v2,False,raw,,,20,inner_2y,0 1 2 3 4 5 6 7 8 9,e289341523d27037dbf47581b707add52df44bfc51afe412ccdd61474c8cd2a2,6e5de4167d3043a37b6c26aed948f48e971950e58cf3250454d96787a3b3079d,bf31af5f7dde0a4bb233ad6b2210370b9361caf747e754397322bd6d94defa9b,ba6659bcc5dccb3943bad577a722f7793fe7b8c3,True,cpu,8,2.14.1+cpu,11305,727,1091,2.350345,1.429751,2.414989,1.451873,2.98803,2.144241,0.026768,0.015237,0.213413,0.333213,169.8
2026-10-05T18:31:10+00:00,A2L_t,A1prime,f4,wbgt_lj_max,v2,False,raw,,,20,inner_2y,0 1 2 3 4 5 6 7 8 9,e289341523d27037dbf47581b707add52df44bfc51afe412ccdd61474c8cd2a2,6e5de4167d3043a37b6c26aed948f48e971950e58cf3250454d96787a3b3079d,bf31af5f7dde0a4bb233ad6b2210370b9361caf747e754397322bd6d94defa9b,ba6659bcc5dccb3943bad577a722f7793fe7b8c3,True,cpu,8,2.14.1+cpu,12401,726,1092,2.250044,3.050287,2.556573,3.742336,3.022778,3.775496,0.119899,0.184924,0.255637,0.192083,182.2
2026-10-05T18:33:30+00:00,A2L,A2L_t,f1,wbgt_lj_max,wbgt,False,raw,,,20,inner_2y,0 1 2 3 4 5 6 7 8 9,53b88afb2bc5e44edd86ddec8a6539fc69daceb953774d8dcdeeda4b8dc55175,2dfc2a0f1449bfd77ca86217ebf347fc62e96f160772801c2e25f61247ec17dc,bf31af5f7dde0a4bb233ad6b2210370b9361caf747e754397322bd6d94defa9b,7523bd6fddf9f19480cab326224d3671f047dddd,False,cpu,8,2.14.1+cpu,9114,726,1092,2.847641,2.406875,2.617619,5.147369,3.071003,4.483919,-0.087875,0.532407,0.072732,0.463221,135.2
2026-10-05T18:36:03+00:00,A2L,A2L_t,f2,wbgt_lj_max,wbgt,False,raw,,,20,inner_2y,0 1 2 3 4 5 6 7 8 9,53b88afb2bc5e44edd86ddec8a6539fc69daceb953774d8dcdeeda4b8dc55175,2dfc2a0f1449bfd77ca86217ebf347fc62e96f160772801c2e25f61247ec17dc,bf31af5f7dde0a4bb233ad6b2210370b9361caf747e754397322bd6d94defa9b,7523bd6fddf9f19480cab326224d3671f047dddd,False,cpu,8,2.14.1+cpu,10209,727,1092,2.952016,1.524183,2.395362,4.531287,2.9531,4.425341,-0.232388,0.663631,0.000367,0.655578,153.8
2026-10-05T18:39:17+00:00,A2L,A2L_t,f3,wbgt_lj_max,wbgt,False,raw,,,20,inner_2y,0 1 2 3 4 5 6 7 8 9,53b88afb2bc5e44edd86ddec8a6539fc69daceb953774d8dcdeeda4b8dc55175,2dfc2a0f1449bfd77ca86217ebf347fc62e96f160772801c2e25f61247ec17dc,bf31af5f7dde0a4bb233ad6b2210370b9361caf747e754397322bd6d94defa9b,7523bd6fddf9f19480cab326224d3671f047dddd,False,cpu,8,2.14.1+cpu,11305,727,1091,2.837905,2.049424,2.414989,4.769956,2.98803,4.333787,-0.175121,0.570347,0.050242,0.527106,193.4
2026-10-05T18:42:11+00:00,A2L,A2L_t,f4,wbgt_lj_max,wbgt,False,raw,,,20,inner_2y,0 1 2 3 4 5 6 7 8 9,53b88afb2bc5e44edd86ddec8a6539fc69daceb953774d8dcdeeda4b8dc55175,2dfc2a0f1449bfd77ca86217ebf347fc62e96f160772801c2e25f61247ec17dc,bf31af5f7dde0a4bb233ad6b2210370b9361caf747e754397322bd6d94defa9b,7523bd6fddf9f19480cab326224d3671f047dddd,False,cpu,8,2.14.1+cpu,12401,726,1092,2.546212,2.776416,2.556573,4.878003,3.022778,3.744185,0.004053,0.430829,0.157658,0.258472,174.4
2026-10-05T18:44:06+00:00,A2Lr,A2L,f1,wbgt_lj_max,wbgt,True,anomaly,,,20,inner_2y,0 1 2 3 4 5 6 7 8 9,80cac20faee1e7e5c52ae3235389615c78711349a076a4b8ad3630aa8bb49364,2dfc2a0f1449bfd77ca86217ebf347fc62e96f160772801c2e25f61247ec17dc,bf31af5f7dde0a4bb233ad6b2210370b9361caf747e754397322bd6d94defa9b,7523bd6fddf9f19480cab326224d3671f047dddd,False,cpu,8,2.14.1+cpu,9114,726,1092,2.825147,2.50156,2.617619,5.147369,3.071003,4.483919,-0.079281,0.514012,0.080057,0.442104,110.3
2026-10-05T18:46:23+00:00,A2Lr,A2L,f2,wbgt_lj_max,wbgt,True,anomaly,,,20,inner_2y,0 1 2 3 4 5 6 7 8 9,80cac20faee1e7e5c52ae3235389615c78711349a076a4b8ad3630aa8bb49364,2dfc2a0f1449bfd77ca86217ebf347fc62e96f160772801c2e25f61247ec17dc,bf31af5f7dde0a4bb233ad6b2210370b9361caf747e754397322bd6d94defa9b,7523bd6fddf9f19480cab326224d3671f047dddd,False,cpu,8,2.14.1+cpu,10209,727,1092,2.865977,1.625563,2.395362,4.531287,2.9531,4.425341,-0.19647,0.641258,0.029502,0.632669,136.5
2026-10-05T18:49:43+00:00,A2Lr,A2L,f3,wbgt_lj_max,wbgt,True,anomaly,,,20,inner_2y,0 1 2 3 4 5 6 7 8 9,80cac20faee1e7e5c52ae3235389615c78711349a076a4b8ad3630aa8bb49364,2dfc2a0f1449bfd77ca86217ebf347fc62e96f160772801c2e25f61247ec17dc,bf31af5f7dde0a4bb233ad6b2210370b9361caf747e754397322bd6d94defa9b,7523bd6fddf9f19480cab326224d3671f047dddd,False,cpu,8,2.14.1+cpu,11305,727,1091,2.77722,2.341955,2.414989,4.769956,2.98803,4.333787,-0.149992,0.50902,0.070551,0.459605,200.3
2026-10-05T18:52:48+00:00,A2Lr,A2L,f4,wbgt_lj_max,wbgt,True,anomaly,,,20,inner_2y,0 1 2 3 4 5 6 7 8 9,80cac20faee1e7e5c52ae3235389615c78711349a076a4b8ad3630aa8bb49364,2dfc2a0f1449bfd77ca86217ebf347fc62e96f160772801c2e25f61247ec17dc,bf31af5f7dde0a4bb233ad6b2210370b9361caf747e754397322bd6d94defa9b,7523bd6fddf9f19480cab326224d3671f047dddd,False,cpu,8,2.14.1+cpu,12401,726,1092,2.536577,2.331499,2.556573,4.878003,3.022778,3.744185,0.007822,0.522038,0.160846,0.377301,185.6
2026-10-05T18:55:48+00:00,A1prime_r,A1prime,f1,t_max,v2,True,anomaly,,,20,inner_2y,0 1 2 3 4 5 6 7 8 9,9af915b3311defb4e6a3bb3c2bf493b48f52c62ad51f8c4a20ae14820ad2c388,6e5de4167d3043a37b6c26aed948f48e971950e58cf3250454d96787a3b3079d,bf31af5f7dde0a4bb233ad6b2210370b9361caf747e754397322bd6d94defa9b,7523bd6fddf9f19480cab326224d3671f047dddd,False,cpu,8,2.14.1+cpu,9114,726,1092,2.344558,1.308146,2.721849,4.573185,2.5896,2.66772,0.138616,0.713953,0.094625,0.509639,174.8
2026-10-05T18:58:16+00:00,A1prime_r,A1prime,f2,t_max,v2,True,anomaly,,,20,inner_2y,0 1 2 3 4 5 6 7 8 9,9af915b3311defb4e6a3bb3c2bf493b48f52c62ad51f8c4a20ae14820ad2c388,6e5de4167d3043a37b6c26aed948f48e971950e58cf3250454d96787a3b3079d,bf31af5f7dde0a4bb233ad6b2210370b9361caf747e754397322bd6d94defa9b,7523bd6fddf9f19480cab326224d3671f047dddd,False,cpu,8,2.14.1+cpu,10209,727,1092,2.188865,1.315238,2.572437,4.722474,2.449487,2.435357,0.149108,0.721494,0.106398,0.45994,148.4
2026-10-05T19:01:54+00:00,A1prime_r,A1prime,f3,t_max,v2,True,anomaly,,,20,inner_2y,0 1 2 3 4 5 6 7 8 9,9af915b3311defb4e6a3bb3c2bf493b48f52c62ad51f8c4a20ae14820ad2c388,6e5de4167d3043a37b6c26aed948f48e971950e58cf3250454d96787a3b3079d,bf31af5f7dde0a4bb233ad6b2210370b9361caf747e754397322bd6d94defa9b,7523bd6fddf9f19480cab326224d3671f047dddd,False,cpu,8,2.14.1+cpu,11305,727,1091,2.374653,2.04982,2.694036,4.419761,2.720575,2.456042,0.118552,0.536215,0.12715,0.165397,217.9
2026-10-05T19:04:12+00:00,A1prime_r,A1prime,f4,t_max,v2,True,anomaly,,,20,inner_2y,0 1 2 3 4 5 6 7 8 9,9af915b3311defb4e6a3bb3c2bf493b48f52c62ad51f8c4a20ae14820ad2c388,6e5de4167d3043a37b6c26aed948f48e971950e58cf3250454d96787a3b3079d,bf31af5f7dde0a4bb233ad6b2210370b9361caf747e754397322bd6d94defa9b,7523bd6fddf9f19480cab326224d3671f047dddd,False,cpu,8,2.14.1+cpu,12401,726,1092,2.284157,1.510409,2.344342,4.211984,2.61508,3.145754,0.025673,0.641402,0.126544,0.519858,138.2
2026-10-05T19:07:10+00:00,A1prime_dp,A1prime,f1,t_max,v2,False,dp_residual,,,20,inner_2y,0 1 2 3 4 5 6 7 8 9,9a8cea82de76cf1017cc423ebfbd288437fb3728772c9ffcff713086b494899d,6e5de4167d3043a37b6c26aed948f48e971950e58cf3250454d96787a3b3079d,bf31af5f7dde0a4bb233ad6b2210370b9361caf747e754397322bd6d94defa9b,7523bd6fddf9f19480cab326224d3671f047dddd,False,cpu,8,2.14.1+cpu,9114,726,1092,2.385414,1.451969,2.721849,4.573185,2.5896,2.66772,0.123605,0.682504,0.078849,0.455727,173.4
2026-10-05T19:10:23+00:00,A1prime_dp,A1prime,f2,t_max,v2,False,dp_residual,,,20,inner_2y,0 1 2 3 4 5 6 7 8 9,9a8cea82de76cf1017cc423ebfbd288437fb3728772c9ffcff713086b494899d,6e5de4167d3043a37b6c26aed948f48e971950e58cf3250454d96787a3b3079d,bf31af5f7dde0a4bb233ad6b2210370b9361caf747e754397322bd6d94defa9b,7523bd6fddf9f19480cab326224d3671f047dddd,False,cpu,8,2.14.1+cpu,10209,727,1092,2.188586,1.367861,2.572437,4.722474,2.449487,2.435357,0.149217,0.710351,0.106512,0.438332,192.6
2026-10-05T19:14:04+00:00,A1prime_dp,A1prime,f3,t_max,v2,False,dp_residual,,,20,inner_2y,0 1 2 3 4 5 6 7 8 9,9a8cea82de76cf1017cc423ebfbd288437fb3728772c9ffcff713086b494899d,6e5de4167d3043a37b6c26aed948f48e971950e58cf3250454d96787a3b3079d,bf31af5f7dde0a4bb233ad6b2210370b9361caf747e754397322bd6d94defa9b,7523bd6fddf9f19480cab326224d3671f047dddd,False,cpu,8,2.14.1+cpu,11305,727,1091,2.421434,2.352529,2.694036,4.419761,2.720575,2.456042,0.101187,0.467725,0.109955,0.042147,221.1
2026-10-05T19:16:14+00:00,A1prime_dp,A1prime,f4,t_max,v2,False,dp_residual,,,20,inner_2y,0 1 2 3 4 5 6 7 8 9,9a8cea82de76cf1017cc423ebfbd288437fb3728772c9ffcff713086b494899d,6e5de4167d3043a37b6c26aed948f48e971950e58cf3250454d96787a3b3079d,bf31af5f7dde0a4bb233ad6b2210370b9361caf747e754397322bd6d94defa9b,7523bd6fddf9f19480cab326224d3671f047dddd,False,cpu,8,2.14.1+cpu,12401,726,1092,2.362111,1.38011,2.344342,4.211984,2.61508,3.145754,-0.007579,0.672337,0.096735,0.561278,129.8
2026-10-05T19:18:04+00:00,A2L_dp,A2L,f1,wbgt_lj_max,wbgt,False,dp_residual,,,20,inner_2y,0 1 2 3 4 5 6 7 8 9,936329ead4d77db4a2752cba0266e26d4a5ca2b3caaba003e093a8f4b6dcbf02,2dfc2a0f1449bfd77ca86217ebf347fc62e96f160772801c2e25f61247ec17dc,bf31af5f7dde0a4bb233ad6b2210370b9361caf747e754397322bd6d94defa9b,7523bd6fddf9f19480cab326224d3671f047dddd,False,cpu,8,2.14.1+cpu,9114,726,1092,2.792193,2.618073,2.617619,5.147369,3.071003,4.483919,-0.066692,0.491376,0.090788,0.416119,105.6
2026-10-05T19:20:47+00:00,A2L_dp,A2L,f2,wbgt_lj_max,wbgt,False,dp_residual,,,20,inner_2y,0 1 2 3 4 5 6 7 8 9,936329ead4d77db4a2752cba0266e26d4a5ca2b3caaba003e093a8f4b6dcbf02,2dfc2a0f1449bfd77ca86217ebf347fc62e96f160772801c2e25f61247ec17dc,bf31af5f7dde0a4bb233ad6b2210370b9361caf747e754397322bd6d94defa9b,7523bd6fddf9f19480cab326224d3671f047dddd,False,cpu,8,2.14.1+cpu,10209,727,1092,2.892873,1.619306,2.395362,4.531287,2.9531,4.425341,-0.207698,0.642639,0.020394,0.634083,162.9
2026-10-05T19:24:19+00:00,A2L_dp,A2L,f3,wbgt_lj_max,wbgt,False,dp_residual,,,20,inner_2y,0 1 2 3 4 5 6 7 8 9,936329ead4d77db4a2752cba0266e26d4a5ca2b3caaba003e093a8f4b6dcbf02,2dfc2a0f1449bfd77ca86217ebf347fc62e96f160772801c2e25f61247ec17dc,bf31af5f7dde0a4bb233ad6b2210370b9361caf747e754397322bd6d94defa9b,7523bd6fddf9f19480cab326224d3671f047dddd,False,cpu,8,2.14.1+cpu,11305,727,1091,2.820637,2.220465,2.414989,4.769956,2.98803,4.333787,-0.167971,0.534489,0.056021,0.487639,211.9
2026-10-05T19:27:00+00:00,A2L_dp,A2L,f4,wbgt_lj_max,wbgt,False,dp_residual,,,20,inner_2y,0 1 2 3 4 5 6 7 8 9,936329ead4d77db4a2752cba0266e26d4a5ca2b3caaba003e093a8f4b6dcbf02,2dfc2a0f1449bfd77ca86217ebf347fc62e96f160772801c2e25f61247ec17dc,bf31af5f7dde0a4bb233ad6b2210370b9361caf747e754397322bd6d94defa9b,7523bd6fddf9f19480cab326224d3671f047dddd,False,cpu,8,2.14.1+cpu,12401,726,1092,2.581603,2.299376,2.556573,4.878003,3.022778,3.744185,-0.009791,0.528623,0.14595,0.385881,161.5
2026-10-05T19:29:18+00:00,A1prime_hw1,A1prime,f1,t_max,v2,False,raw,,,1,inner_2y,0 1 2 3 4 5 6 7 8 9,3fb4a7932103e26b6b50ef26898ab559df60dbd232205cdb1c942cf85848d9ea,6e5de4167d3043a37b6c26aed948f48e971950e58cf3250454d96787a3b3079d,bf31af5f7dde0a4bb233ad6b2210370b9361caf747e754397322bd6d94defa9b,7523bd6fddf9f19480cab326224d3671f047dddd,False,cpu,8,2.14.1+cpu,9114,726,1092,2.139374,2.73169,2.721849,4.573185,2.5896,2.66772,0.214,0.402672,0.173859,-0.023979,133.9
2026-10-05T19:31:47+00:00,A1prime_hw1,A1prime,f2,t_max,v2,False,raw,,,1,inner_2y,0 1 2 3 4 5 6 7 8 9,3fb4a7932103e26b6b50ef26898ab559df60dbd232205cdb1c942cf85848d9ea,6e5de4167d3043a37b6c26aed948f48e971950e58cf3250454d96787a3b3079d,bf31af5f7dde0a4bb233ad6b2210370b9361caf747e754397322bd6d94defa9b,7523bd6fddf9f19480cab326224d3671f047dddd,False,cpu,8,2.14.1+cpu,10209,727,1092,2.082693,3.076252,2.572437,4.722474,2.449487,2.435357,0.190381,0.348593,0.149743,-0.263163,149.1
2026-10-05T19:34:45+00:00,A1prime_hw1,A1prime,f3,t_max,v2,False,raw,,,1,inner_2y,0 1 2 3 4 5 6 7 8 9,3fb4a7932103e26b6b50ef26898ab559df60dbd232205cdb1c942cf85848d9ea,6e5de4167d3043a37b6c26aed948f48e971950e58cf3250454d96787a3b3079d,bf31af5f7dde0a4bb233ad6b2210370b9361caf747e754397322bd6d94defa9b,7523bd6fddf9f19480cab326224d3671f047dddd,False,cpu,8,2.14.1+cpu,11305,727,1091,2.241372,3.179896,2.694036,4.419761,2.720575,2.456042,0.168024,0.280528,0.17614,-0.294724,178.0
2026-10-05T19:38:39+00:00,A1prime_hw1,A1prime,f4,t_max,v2,False,raw,,,1,inner_2y,0 1 2 3 4 5 6 7 8 9,3fb4a7932103e26b6b50ef26898ab559df60dbd232205cdb1c942cf85848d9ea,6e5de4167d3043a37b6c26aed948f48e971950e58cf3250454d96787a3b3079d,bf31af5f7dde0a4bb233ad6b2210370b9361caf747e754397322bd6d94defa9b,7523bd6fddf9f19480cab326224d3671f047dddd,False,cpu,8,2.14.1+cpu,12401,726,1092,2.096823,3.182517,2.344342,4.211984,2.61508,3.145754,0.105581,0.244414,0.19818,-0.011687,233.8
2026-10-05T19:40:51+00:00,A2L_hw1,A2L,f1,wbgt_lj_max,wbgt,False,raw,,,1,inner_2y,0 1 2 3 4 5 6 7 8 9,ac392b951cf5e291985c4b700d362637f5d2a56c349ee4ad947e9a497de70c61,2dfc2a0f1449bfd77ca86217ebf347fc62e96f160772801c2e25f61247ec17dc,bf31af5f7dde0a4bb233ad6b2210370b9361caf747e754397322bd6d94defa9b,7523bd6fddf9f19480cab326224d3671f047dddd,False,cpu,8,2.14.1+cpu,9114,726,1092,2.397695,4.567755,2.617619,5.147369,3.071003,4.483919,0.084017,0.112604,0.219247,-0.018697,126.9
2026-10-05T19:43:48+00:00,A2L_hw1,A2L,f2,wbgt_lj_max,wbgt,False,raw,,,1,inner_2y,0 1 2 3 4 5 6 7 8 9,ac392b951cf5e291985c4b700d362637f5d2a56c349ee4ad947e9a497de70c61,2dfc2a0f1449bfd77ca86217ebf347fc62e96f160772801c2e25f61247ec17dc,bf31af5f7dde0a4bb233ad6b2210370b9361caf747e754397322bd6d94defa9b,7523bd6fddf9f19480cab326224d3671f047dddd,False,cpu,8,2.14.1+cpu,10209,727,1092,2.242705,4.065538,2.395362,4.531287,2.9531,4.425341,0.06373,0.102785,0.240559,0.081305,177.2
2026-10-05T19:46:41+00:00,A2L_hw1,A2L,f3,wbgt_lj_max,wbgt,False,raw,,,1,inner_2y,0 1 2 3 4 5 6 7 8 9,ac392b951cf5e291985c4b700d362637f5d2a56c349ee4ad947e9a497de70c61,2dfc2a0f1449bfd77ca86217ebf347fc62e96f160772801c2e25f61247ec17dc,bf31af5f7dde0a4bb233ad6b2210370b9361caf747e754397322bd6d94defa9b,7523bd6fddf9f19480cab326224d3671f047dddd,False,cpu,8,2.14.1+cpu,11305,727,1091,2.306121,4.208764,2.414989,4.769956,2.98803,4.333787,0.04508,0.117651,0.228214,0.028848,172.7
2026-10-05T19:49:42+00:00,A2L_hw1,A2L,f4,wbgt_lj_max,wbgt,False,raw,,,1,inner_2y,0 1 2 3 4 5 6 7 8 9,ac392b951cf5e291985c4b700d362637f5d2a56c349ee4ad947e9a497de70c61,2dfc2a0f1449bfd77ca86217ebf347fc62e96f160772801c2e25f61247ec17dc,bf31af5f7dde0a4bb233ad6b2210370b9361caf747e754397322bd6d94defa9b,7523bd6fddf9f19480cab326224d3671f047dddd,False,cpu,8,2.14.1+cpu,12401,726,1092,2.24425,4.159669,2.556573,4.878003,3.022778,3.744185,0.122165,0.14726,0.257554,-0.110968,181.0
2026-10-05T19:51:29+00:00,A2Lr_hw1,A2Lr,f1,wbgt_lj_max,wbgt,True,anomaly,,,1,inner_2y,0 1 2 3 4 5 6 7 8 9,15d8410e6fe224f412db51b867fd7ec08c0a1964b416a3cdabe27f8c5b92a06e,2dfc2a0f1449bfd77ca86217ebf347fc62e96f160772801c2e25f61247ec17dc,bf31af5f7dde0a4bb233ad6b2210370b9361caf747e754397322bd6d94defa9b,7523bd6fddf9f19480cab326224d3671f047dddd,False,cpu,8,2.14.1+cpu,9114,726,1092,2.385907,4.433751,2.617619,5.147369,3.071003,4.483919,0.08852,0.138638,0.223085,0.011188,103.7
2026-10-05T19:53:42+00:00,A2Lr_hw1,A2Lr,f2,wbgt_lj_max,wbgt,True,anomaly,,,1,inner_2y,0 1 2 3 4 5 6 7 8 9,15d8410e6fe224f412db51b867fd7ec08c0a1964b416a3cdabe27f8c5b92a06e,2dfc2a0f1449bfd77ca86217ebf347fc62e96f160772801c2e25f61247ec17dc,bf31af5f7dde0a4bb233ad6b2210370b9361caf747e754397322bd6d94defa9b,7523bd6fddf9f19480cab326224d3671f047dddd,False,cpu,8,2.14.1+cpu,10209,727,1092,2.224114,4.023468,2.395362,4.531287,2.9531,4.425341,0.071491,0.112069,0.246854,0.090812,132.4
2026-10-05T19:56:06+00:00,A2Lr_hw1,A2Lr,f3,wbgt_lj_max,wbgt,True,anomaly,,,1,inner_2y,0 1 2 3 4 5 6 7 8 9,15d8410e6fe224f412db51b867fd7ec08c0a1964b416a3cdabe27f8c5b92a06e,2dfc2a0f1449bfd77ca86217ebf347fc62e96f160772801c2e25f61247ec17dc,bf31af5f7dde0a4bb233ad6b2210370b9361caf747e754397322bd6d94defa9b,7523bd6fddf9f19480cab326224d3671f047dddd,False,cpu,8,2.14.1+cpu,11305,727,1091,2.29568,4.061963,2.414989,4.769956,2.98803,4.333787,0.049404,0.148428,0.231708,0.062722,143.8
2026-10-05T19:58:35+00:00,A2Lr_hw1,A2Lr,f4,wbgt_lj_max,wbgt,True,anomaly,,,1,inner_2y,0 1 2 3 4 5 6 7 8 9,15d8410e6fe224f412db51b867fd7ec08c0a1964b416a3cdabe27f8c5b92a06e,2dfc2a0f1449bfd77ca86217ebf347fc62e96f160772801c2e25f61247ec17dc,bf31af5f7dde0a4bb233ad6b2210370b9361caf747e754397322bd6d94defa9b,7523bd6fddf9f19480cab326224d3671f047dddd,False,cpu,8,2.14.1+cpu,12401,726,1092,2.239169,4.118303,2.556573,4.878003,3.022778,3.744185,0.124152,0.15574,0.259235,-0.09992,149.2
2026-10-05T20:00:50+00:00,A1prime_hw5,A1prime,f1,t_max,v2,False,raw,,,5,inner_2y,0 1 2 3 4 5 6 7 8 9,e0415c4e756e638c703d9c4c0927496e8d4a710bb923e31bb6e89b287b78c03d,6e5de4167d3043a37b6c26aed948f48e971950e58cf3250454d96787a3b3079d,bf31af5f7dde0a4bb233ad6b2210370b9361caf747e754397322bd6d94defa9b,7523bd6fddf9f19480cab326224d3671f047dddd,False,cpu,8,2.14.1+cpu,9114,726,1092,2.199559,1.818005,2.721849,4.573185,2.5896,2.66772,0.191888,0.602464,0.150618,0.318517,131.6
2026-10-05T20:03:10+00:00,A1prime_hw5,A1prime,f2,t_max,v2,False,raw,,,5,inner_2y,0 1 2 3 4 5 6 7 8 9,e0415c4e756e638c703d9c4c0927496e8d4a710bb923e31bb6e89b287b78c03d,6e5de4167d3043a37b6c26aed948f48e971950e58cf3250454d96787a3b3079d,bf31af5f7dde0a4bb233ad6b2210370b9361caf747e754397322bd6d94defa9b,7523bd6fddf9f19480cab326224d3671f047dddd,False,cpu,8,2.14.1+cpu,10209,727,1092,2.067776,2.068198,2.572437,4.722474,2.449487,2.435357,0.19618,0.562052,0.155833,0.150762,140.0
2026-10-05T20:06:21+00:00,A1prime_hw5,A1prime,f3,t_max,v2,False,raw,,,5,inner_2y,0 1 2 3 4 5 6 7 8 9,e0415c4e756e638c703d9c4c0927496e8d4a710bb923e31bb6e89b287b78c03d,6e5de4167d3043a37b6c26aed948f48e971950e58cf3250454d96787a3b3079d,bf31af5f7dde0a4bb233ad6b2210370b9361caf747e754397322bd6d94defa9b,7523bd6fddf9f19480cab326224d3671f047dddd,False,cpu,8,2.14.1+cpu,11305,727,1091,2.277977,2.332545,2.694036,4.419761,2.720575,2.456042,0.154437,0.472246,0.162686,0.050283,190.3
2026-10-05T20:09:58+00:00,A1prime_hw5,A1prime,f4,t_max,v2,False,raw,,,5,inner_2y,0 1 2 3 4 5 6 7 8 9,e0415c4e756e638c703d9c4c0927496e8d4a710bb923e31bb6e89b287b78c03d,6e5de4167d3043a37b6c26aed948f48e971950e58cf3250454d96787a3b3079d,bf31af5f7dde0a4bb233ad6b2210370b9361caf747e754397322bd6d94defa9b,7523bd6fddf9f19480cab326224d3671f047dddd,False,cpu,8,2.14.1+cpu,12401,726,1092,2.151018,2.464192,2.344342,4.211984,2.61508,3.145754,0.082464,0.414957,0.177456,0.216661,217.3
2026-10-05T20:23:15+00:00,A2L_hw5,A2L,f1,wbgt_lj_max,wbgt,False,raw,,,5,inner_2y,0 1 2 3 4 5 6 7 8 9,f4771868549b9de32bc85f4e27ecdcb0b2e466a93479c869ad551621104be218,2dfc2a0f1449bfd77ca86217ebf347fc62e96f160772801c2e25f61247ec17dc,bf31af5f7dde0a4bb233ad6b2210370b9361caf747e754397322bd6d94defa9b,7523bd6fddf9f19480cab326224d3671f047dddd,False,cpu,8,2.14.1+cpu,9114,726,1092,2.481881,3.693031,2.617619,5.147369,3.071003,4.483919,0.051856,0.28254,0.191834,0.176383,154.1
2026-10-05T20:27:13+00:00,A2L_hw5,A2L,f2,wbgt_lj_max,wbgt,False,raw,,,5,inner_2y,0 1 2 3 4 5 6 7 8 9,f4771868549b9de32bc85f4e27ecdcb0b2e466a93479c869ad551621104be218,2dfc2a0f1449bfd77ca86217ebf347fc62e96f160772801c2e25f61247ec17dc,bf31af5f7dde0a4bb233ad6b2210370b9361caf747e754397322bd6d94defa9b,7523bd6fddf9f19480cab326224d3671f047dddd,False,cpu,8,2.14.1+cpu,10209,727,1092,2.423503,2.928591,2.395362,4.531287,2.9531,4.425341,-0.011748,0.353696,0.179336,0.338223,238.4
2026-10-05T20:30:37+00:00,A2L_hw5,A2L,f3,wbgt_lj_max,wbgt,False,raw,,,5,inner_2y,0 1 2 3 4 5 6 7 8 9,f4771868549b9de32bc85f4e27ecdcb0b2e466a93479c869ad551621104be218,2dfc2a0f1449bfd77ca86217ebf347fc62e96f160772801c2e25f61247ec17dc,bf31af5f7dde0a4bb233ad6b2210370b9361caf747e754397322bd6d94defa9b,7523bd6fddf9f19480cab326224d3671f047dddd,False,cpu,8,2.14.1+cpu,11305,727,1091,2.425571,3.140328,2.414989,4.769956,2.98803,4.333787,-0.004382,0.341644,0.188237,0.275385,203.7
2026-10-05T20:34:06+00:00,A2L_hw5,A2L,f4,wbgt_lj_max,wbgt,False,raw,,,5,inner_2y,0 1 2 3 4 5 6 7 8 9,f4771868549b9de32bc85f4e27ecdcb0b2e466a93479c869ad551621104be218,2dfc2a0f1449bfd77ca86217ebf347fc62e96f160772801c2e25f61247ec17dc,bf31af5f7dde0a4bb233ad6b2210370b9361caf747e754397322bd6d94defa9b,7523bd6fddf9f19480cab326224d3671f047dddd,False,cpu,8,2.14.1+cpu,12401,726,1092,2.263507,3.513501,2.556573,4.878003,3.022778,3.744185,0.114632,0.279725,0.251183,0.061611,209.3
2026-10-05T20:35:56+00:00,A2Lr_hw5,A2Lr,f1,wbgt_lj_max,wbgt,True,anomaly,,,5,inner_2y,0 1 2 3 4 5 6 7 8 9,ecf5edd2e807a0d2f0c114f96484f2bbb949aaebf3438d0c06d6acde8207f1df,2dfc2a0f1449bfd77ca86217ebf347fc62e96f160772801c2e25f61247ec17dc,bf31af5f7dde0a4bb233ad6b2210370b9361caf747e754397322bd6d94defa9b,7523bd6fddf9f19480cab326224d3671f047dddd,False,cpu,8,2.14.1+cpu,9114,726,1092,2.456436,3.6858,2.617619,5.147369,3.071003,4.483919,0.061576,0.283945,0.200119,0.177996,105.2
2026-10-05T20:38:19+00:00,A2Lr_hw5,A2Lr,f2,wbgt_lj_max,wbgt,True,anomaly,,,5,inner_2y,0 1 2 3 4 5 6 7 8 9,ecf5edd2e807a0d2f0c114f96484f2bbb949aaebf3438d0c06d6acde8207f1df,2dfc2a0f1449bfd77ca86217ebf347fc62e96f160772801c2e25f61247ec17dc,bf31af5f7dde0a4bb233ad6b2210370b9361caf747e754397322bd6d94defa9b,7523bd6fddf9f19480cab326224d3671f047dddd,False,cpu,8,2.14.1+cpu,10209,727,1092,2.365012,2.922742,2.395362,4.531287,2.9531,4.425341,0.01267,0.354986,0.199143,0.339544,143.1
2026-10-05T20:40:54+00:00,A2Lr_hw5,A2Lr,f3,wbgt_lj_max,wbgt,True,anomaly,,,5,inner_2y,0 1 2 3 4 5 6 7 8 9,ecf5edd2e807a0d2f0c114f96484f2bbb949aaebf3438d0c06d6acde8207f1df,2dfc2a0f1449bfd77ca86217ebf347fc62e96f160772801c2e25f61247ec17dc,bf31af5f7dde0a4bb233ad6b2210370b9361caf747e754397322bd6d94defa9b,7523bd6fddf9f19480cab326224d3671f047dddd,False,cpu,8,2.14.1+cpu,11305,727,1091,2.427185,3.012334,2.414989,4.769956,2.98803,4.333787,-0.00505,0.368478,0.187697,0.304919,155.4
2026-10-05T20:43:38+00:00,A2Lr_hw5,A2Lr,f4,wbgt_lj_max,wbgt,True,anomaly,,,5,inner_2y,0 1 2 3 4 5 6 7 8 9,ecf5edd2e807a0d2f0c114f96484f2bbb949aaebf3438d0c06d6acde8207f1df,2dfc2a0f1449bfd77ca86217ebf347fc62e96f160772801c2e25f61247ec17dc,bf31af5f7dde0a4bb233ad6b2210370b9361caf747e754397322bd6d94defa9b,7523bd6fddf9f19480cab326224d3671f047dddd,False,cpu,8,2.14.1+cpu,12401,726,1092,2.237837,3.342993,2.556573,4.878003,3.022778,3.744185,0.124673,0.31468,0.259675,0.107151,163.5
2026-10-05T20:46:14+00:00,A1prime_hw10,A1prime,f1,t_max,v2,False,raw,,,10,inner_2y,0 1 2 3 4 5 6 7 8 9,0c014f05aa105ee9476cc739860e9d52398299008417b0078d235d90be230aba,6e5de4167d3043a37b6c26aed948f48e971950e58cf3250454d96787a3b3079d,bf31af5f7dde0a4bb233ad6b2210370b9361caf747e754397322bd6d94defa9b,7523bd6fddf9f19480cab326224d3671f047dddd,False,cpu,8,2.14.1+cpu,9114,726,1092,2.266147,1.374244,2.721849,4.573185,2.5896,2.66772,0.167424,0.6995,0.124905,0.484862,152.7
2026-10-05T20:49:01+00:00,A1prime_hw10,A1prime,f2,t_max,v2,False,raw,,,10,inner_2y,0 1 2 3 4 5 6 7 8 9,0c014f05aa105ee9476cc739860e9d52398299008417b0078d235d90be230aba,6e5de4167d3043a37b6c26aed948f48e971950e58cf3250454d96787a3b3079d,bf31af5f7dde0a4bb233ad6b2210370b9361caf747e754397322bd6d94defa9b,7523bd6fddf9f19480cab326224d3671f047dddd,False,cpu,8,2.14.1+cpu,10209,727,1092,2.121048,1.757914,2.572437,4.722474,2.449487,2.435357,0.175471,0.627756,0.134085,0.27817,166.4
2026-10-05T20:52:27+00:00,A1prime_hw10,A1prime,f3,t_max,v2,False,raw,,,10,inner_2y,0 1 2 3 4 5 6 7 8 9,0c014f05aa105ee9476cc739860e9d52398299008417b0078d235d90be230aba,6e5de4167d3043a37b6c26aed948f48e971950e58cf3250454d96787a3b3079d,bf31af5f7dde0a4bb233ad6b2210370b9361caf747e754397322bd6d94defa9b,7523bd6fddf9f19480cab326224d3671f047dddd,False,cpu,8,2.14.1+cpu,11305,727,1091,2.325409,2.168843,2.694036,4.419761,2.720575,2.456042,0.136831,0.509285,0.145251,0.116936,206.4
2026-10-05T20:56:05+00:00,A1prime_hw10,A1prime,f4,t_max,v2,False,raw,,,10,inner_2y,0 1 2 3 4 5 6 7 8 9,0c014f05aa105ee9476cc739860e9d52398299008417b0078d235d90be230aba,6e5de4167d3043a37b6c26aed948f48e971950e58cf3250454d96787a3b3079d,bf31af5f7dde0a4bb233ad6b2210370b9361caf747e754397322bd6d94defa9b,7523bd6fddf9f19480cab326224d3671f047dddd,False,cpu,8,2.14.1+cpu,12401,726,1092,2.193838,1.939918,2.344342,4.211984,2.61508,3.145754,0.064199,0.539429,0.161082,0.383322,217.7
2026-10-05T20:58:13+00:00,A2L_hw10,A2L,f1,wbgt_lj_max,wbgt,False,raw,,,10,inner_2y,0 1 2 3 4 5 6 7 8 9,32e565627567e544b6f6f9799426b272d57ca022532ce453dc11aeb55327999f,2dfc2a0f1449bfd77ca86217ebf347fc62e96f160772801c2e25f61247ec17dc,bf31af5f7dde0a4bb233ad6b2210370b9361caf747e754397322bd6d94defa9b,7523bd6fddf9f19480cab326224d3671f047dddd,False,cpu,8,2.14.1+cpu,9114,726,1092,2.617082,3.244045,2.617619,5.147369,3.071003,4.483919,0.000205,0.369767,0.147809,0.276516,124.0
2026-10-05T21:01:15+00:00,A2L_hw10,A2L,f2,wbgt_lj_max,wbgt,False,raw,,,10,inner_2y,0 1 2 3 4 5 6 7 8 9,32e565627567e544b6f6f9799426b272d57ca022532ce453dc11aeb55327999f,2dfc2a0f1449bfd77ca86217ebf347fc62e96f160772801c2e25f61247ec17dc,bf31af5f7dde0a4bb233ad6b2210370b9361caf747e754397322bd6d94defa9b,7523bd6fddf9f19480cab326224d3671f047dddd,False,cpu,8,2.14.1+cpu,10209,727,1092,2.646833,2.127766,2.395362,4.531287,2.9531,4.425341,-0.104983,0.530428,0.10371,0.519186,181.7
2026-10-05T21:04:16+00:00,A2L_hw10,A2L,f3,wbgt_lj_max,wbgt,False,raw,,,10,inner_2y,0 1 2 3 4 5 6 7 8 9,32e565627567e544b6f6f9799426b272d57ca022532ce453dc11aeb55327999f,2dfc2a0f1449bfd77ca86217ebf347fc62e96f160772801c2e25f61247ec17dc,bf31af5f7dde0a4bb233ad6b2210370b9361caf747e754397322bd6d94defa9b,7523bd6fddf9f19480cab326224d3671f047dddd,False,cpu,8,2.14.1+cpu,11305,727,1091,2.577376,2.713447,2.414989,4.769956,2.98803,4.333787,-0.067241,0.431138,0.137433,0.373886,181.2
2026-10-05T21:07:40+00:00,A2L_hw10,A2L,f4,wbgt_lj_max,wbgt,False,raw,,,10,inner_2y,0 1 2 3 4 5 6 7 8 9,32e565627567e544b6f6f9799426b272d57ca022532ce453dc11aeb55327999f,2dfc2a0f1449bfd77ca86217ebf347fc62e96f160772801c2e25f61247ec17dc,bf31af5f7dde0a4bb233ad6b2210370b9361caf747e754397322bd6d94defa9b,7523bd6fddf9f19480cab326224d3671f047dddd,False,cpu,8,2.14.1+cpu,12401,726,1092,2.341567,3.119783,2.556573,4.878003,3.022778,3.744185,0.084099,0.360439,0.225359,0.166766,204.0
2026-10-05T21:09:47+00:00,A2Lr_hw10,A2Lr,f1,wbgt_lj_max,wbgt,True,anomaly,,,10,inner_2y,0 1 2 3 4 5 6 7 8 9,7a0adcf733f52aea1969ec8f6e00e47e3eb976082556e50e03650e7f176c4acc,2dfc2a0f1449bfd77ca86217ebf347fc62e96f160772801c2e25f61247ec17dc,bf31af5f7dde0a4bb233ad6b2210370b9361caf747e754397322bd6d94defa9b,7523bd6fddf9f19480cab326224d3671f047dddd,False,cpu,8,2.14.1+cpu,9114,726,1092,2.585933,3.055729,2.617619,5.147369,3.071003,4.483919,0.012105,0.406351,0.157952,0.318514,121.7
2026-10-05T21:12:08+00:00,A2Lr_hw10,A2Lr,f2,wbgt_lj_max,wbgt,True,anomaly,,,10,inner_2y,0 1 2 3 4 5 6 7 8 9,7a0adcf733f52aea1969ec8f6e00e47e3eb976082556e50e03650e7f176c4acc,2dfc2a0f1449bfd77ca86217ebf347fc62e96f160772801c2e25f61247ec17dc,bf31af5f7dde0a4bb233ad6b2210370b9361caf747e754397322bd6d94defa9b,7523bd6fddf9f19480cab326224d3671f047dddd,False,cpu,8,2.14.1+cpu,10209,727,1092,2.522497,2.36317,2.395362,4.531287,2.9531,4.425341,-0.053076,0.478477,0.145814,0.465991,141.4
2026-10-05T21:15:01+00:00,A2Lr_hw10,A2Lr,f3,wbgt_lj_max,wbgt,True,anomaly,,,10,inner_2y,0 1 2 3 4 5 6 7 8 9,7a0adcf733f52aea1969ec8f6e00e47e3eb976082556e50e03650e7f176c4acc,2dfc2a0f1449bfd77ca86217ebf347fc62e96f160772801c2e25f61247ec17dc,bf31af5f7dde0a4bb233ad6b2210370b9361caf747e754397322bd6d94defa9b,7523bd6fddf9f19480cab326224d3671f047dddd,False,cpu,8,2.14.1+cpu,11305,727,1091,2.610548,2.493107,2.414989,4.769956,2.98803,4.333787,-0.080977,0.477331,0.126331,0.424728,173.1
2026-10-05T21:18:08+00:00,A2Lr_hw10,A2Lr,f4,wbgt_lj_max,wbgt,True,anomaly,,,10,inner_2y,0 1 2 3 4 5 6 7 8 9,7a0adcf733f52aea1969ec8f6e00e47e3eb976082556e50e03650e7f176c4acc,2dfc2a0f1449bfd77ca86217ebf347fc62e96f160772801c2e25f61247ec17dc,bf31af5f7dde0a4bb233ad6b2210370b9361caf747e754397322bd6d94defa9b,7523bd6fddf9f19480cab326224d3671f047dddd,False,cpu,8,2.14.1+cpu,12401,726,1092,2.350472,2.770394,2.556573,4.878003,3.022778,3.744185,0.080616,0.432064,0.222413,0.260081,187.0
2026-10-06T16:25:10+00:00,A1prime_hw5_R0,A1prime_hw5,f1,t_max,v2,False,raw,sim k=5,,5,inner_2y,0 1 2 3 4 5 6 7 8 9,32012cc641285d6485b181015a3f66936bb7d3b52aa4f6d491d9981e1b28d106,6e5de4167d3043a37b6c26aed948f48e971950e58cf3250454d96787a3b3079d,49129b3dc756fe03c7b420b057b7a1d892bd85bdbc47612647706e1d5ab1e9c3,6fad43ba87ea6262473dd2671d6bdc49e1095e34,True,cpu,8,2.14.1+cpu,9114,726,1092,2.227829,1.835358,2.721849,4.573185,2.5896,2.66772,0.181502,0.59867,0.139702,0.312012,574.4
2026-10-06T16:36:06+00:00,A1prime_hw5_R0,A1prime_hw5,f2,t_max,v2,False,raw,sim k=5,,5,inner_2y,0 1 2 3 4 5 6 7 8 9,32012cc641285d6485b181015a3f66936bb7d3b52aa4f6d491d9981e1b28d106,6e5de4167d3043a37b6c26aed948f48e971950e58cf3250454d96787a3b3079d,49129b3dc756fe03c7b420b057b7a1d892bd85bdbc47612647706e1d5ab1e9c3,6fad43ba87ea6262473dd2671d6bdc49e1095e34,True,cpu,8,2.14.1+cpu,10209,727,1092,2.084026,2.163749,2.572437,4.722474,2.449487,2.435357,0.189863,0.541819,0.149199,0.111527,655.8
2026-10-06T16:50:30+00:00,A1prime_hw5_R0,A1prime_hw5,f3,t_max,v2,False,raw,sim k=5,,5,inner_2y,0 1 2 3 4 5 6 7 8 9,32012cc641285d6485b181015a3f66936bb7d3b52aa4f6d491d9981e1b28d106,6e5de4167d3043a37b6c26aed948f48e971950e58cf3250454d96787a3b3079d,49129b3dc756fe03c7b420b057b7a1d892bd85bdbc47612647706e1d5ab1e9c3,6fad43ba87ea6262473dd2671d6bdc49e1095e34,True,cpu,8,2.14.1+cpu,11305,727,1091,2.303658,2.374099,2.694036,4.419761,2.720575,2.456042,0.144904,0.462845,0.153246,0.033364,863.4
2026-10-06T17:05:12+00:00,A1prime_hw5_R0,A1prime_hw5,f4,t_max,v2,False,raw,sim k=5,,5,inner_2y,0 1 2 3 4 5 6 7 8 9,32012cc641285d6485b181015a3f66936bb7d3b52aa4f6d491d9981e1b28d106,6e5de4167d3043a37b6c26aed948f48e971950e58cf3250454d96787a3b3079d,49129b3dc756fe03c7b420b057b7a1d892bd85bdbc47612647706e1d5ab1e9c3,6fad43ba87ea6262473dd2671d6bdc49e1095e34,True,cpu,8,2.14.1+cpu,12401,726,1092,2.141609,2.557479,2.344342,4.211984,2.61508,3.145754,0.086478,0.392809,0.181054,0.187006,882.1
2026-10-06T17:15:15+00:00,A1prime_hw5_R0rand,A1prime_hw5,f1,t_max,v2,False,raw,rand k=5,,5,inner_2y,0 1 2 3 4 5 6 7 8 9,8f206230ae69758eecbcde3b5888886df418f04712bf525b9ac2a23f46c0de6d,6e5de4167d3043a37b6c26aed948f48e971950e58cf3250454d96787a3b3079d,49129b3dc756fe03c7b420b057b7a1d892bd85bdbc47612647706e1d5ab1e9c3,6fad43ba87ea6262473dd2671d6bdc49e1095e34,True,cpu,8,2.14.1+cpu,9114,726,1092,2.233809,1.682413,2.721849,4.573185,2.5896,2.66772,0.179304,0.632114,0.137392,0.369344,596.6
2026-10-06T17:25:55+00:00,A1prime_hw5_R0rand,A1prime_hw5,f2,t_max,v2,False,raw,rand k=5,,5,inner_2y,0 1 2 3 4 5 6 7 8 9,8f206230ae69758eecbcde3b5888886df418f04712bf525b9ac2a23f46c0de6d,6e5de4167d3043a37b6c26aed948f48e971950e58cf3250454d96787a3b3079d,49129b3dc756fe03c7b420b057b7a1d892bd85bdbc47612647706e1d5ab1e9c3,6fad43ba87ea6262473dd2671d6bdc49e1095e34,True,cpu,8,2.14.1+cpu,10209,727,1092,2.069784,2.047683,2.572437,4.722474,2.449487,2.435357,0.195399,0.566396,0.155013,0.159186,639.7
2026-10-06T17:40:27+00:00,A1prime_hw5_R0rand,A1prime_hw5,f3,t_max,v2,False,raw,rand k=5,,5,inner_2y,0 1 2 3 4 5 6 7 8 9,8f206230ae69758eecbcde3b5888886df418f04712bf525b9ac2a23f46c0de6d,6e5de4167d3043a37b6c26aed948f48e971950e58cf3250454d96787a3b3079d,49129b3dc756fe03c7b420b057b7a1d892bd85bdbc47612647706e1d5ab1e9c3,6fad43ba87ea6262473dd2671d6bdc49e1095e34,True,cpu,8,2.14.1+cpu,11305,727,1091,2.303024,2.483892,2.694036,4.419761,2.720575,2.456042,0.14514,0.438003,0.153479,-0.011339,871.8
2026-10-06T17:54:18+00:00,A1prime_hw5_R0rand,A1prime_hw5,f4,t_max,v2,False,raw,rand k=5,,5,inner_2y,0 1 2 3 4 5 6 7 8 9,8f206230ae69758eecbcde3b5888886df418f04712bf525b9ac2a23f46c0de6d,6e5de4167d3043a37b6c26aed948f48e971950e58cf3250454d96787a3b3079d,49129b3dc756fe03c7b420b057b7a1d892bd85bdbc47612647706e1d5ab1e9c3,6fad43ba87ea6262473dd2671d6bdc49e1095e34,True,cpu,8,2.14.1+cpu,12401,726,1092,2.136667,2.458153,2.344342,4.211984,2.61508,3.145754,0.088586,0.416391,0.182944,0.218581,831.6
2026-10-06T18:27:28+00:00,A1prime_hw5_R1,A1prime_hw5_R0,f1,t_max,v2,False,raw,time k=5,,5,inner_2y,0 1 2 3 4 5 6 7 8 9,448fe8bdb292676b3e890e95281e44612c3152f2027a7efd757dcacd81193671,6e5de4167d3043a37b6c26aed948f48e971950e58cf3250454d96787a3b3079d,49129b3dc756fe03c7b420b057b7a1d892bd85bdbc47612647706e1d5ab1e9c3,6fad43ba87ea6262473dd2671d6bdc49e1095e34,True,cpu,8,2.14.1+cpu,9114,726,1092,2.227135,1.727545,2.721849,4.573185,2.5896,2.66772,0.181757,0.622245,0.13997,0.352426,600.6
2026-10-06T18:38:07+00:00,A1prime_hw5_R1,A1prime_hw5_R0,f2,t_max,v2,False,raw,time k=5,,5,inner_2y,0 1 2 3 4 5 6 7 8 9,448fe8bdb292676b3e890e95281e44612c3152f2027a7efd757dcacd81193671,6e5de4167d3043a37b6c26aed948f48e971950e58cf3250454d96787a3b3079d,49129b3dc756fe03c7b420b057b7a1d892bd85bdbc47612647706e1d5ab1e9c3,6fad43ba87ea6262473dd2671d6bdc49e1095e34,True,cpu,8,2.14.1+cpu,10209,727,1092,2.075931,2.184994,2.572437,4.722474,2.449487,2.435357,0.19301,0.53732,0.152504,0.102804,639.4
2026-10-06T18:51:43+00:00,A1prime_hw5_R1,A1prime_hw5_R0,f3,t_max,v2,False,raw,time k=5,,5,inner_2y,0 1 2 3 4 5 6 7 8 9,448fe8bdb292676b3e890e95281e44612c3152f2027a7efd757dcacd81193671,6e5de4167d3043a37b6c26aed948f48e971950e58cf3250454d96787a3b3079d,49129b3dc756fe03c7b420b057b7a1d892bd85bdbc47612647706e1d5ab1e9c3,6fad43ba87ea6262473dd2671d6bdc49e1095e34,True,cpu,8,2.14.1+cpu,11305,727,1091,2.30931,2.267524,2.694036,4.419761,2.720575,2.456042,0.142806,0.486958,0.151168,0.076757,816.5
2026-10-06T19:06:31+00:00,A1prime_hw5_R1,A1prime_hw5_R0,f4,t_max,v2,False,raw,time k=5,,5,inner_2y,0 1 2 3 4 5 6 7 8 9,448fe8bdb292676b3e890e95281e44612c3152f2027a7efd757dcacd81193671,6e5de4167d3043a37b6c26aed948f48e971950e58cf3250454d96787a3b3079d,49129b3dc756fe03c7b420b057b7a1d892bd85bdbc47612647706e1d5ab1e9c3,6fad43ba87ea6262473dd2671d6bdc49e1095e34,True,cpu,8,2.14.1+cpu,12401,726,1092,2.141267,2.481014,2.344342,4.211984,2.61508,3.145754,0.086624,0.410963,0.181185,0.211313,887.2
2026-10-06T19:13:46+00:00,A2Lr_hw5_R0,A2Lr_hw5,f1,wbgt_lj_max,wbgt,True,anomaly,sim k=5,,5,inner_2y,0 1 2 3 4 5 6 7 8 9,64163702cf016734a9febdadac2f44ca5d529cf96c2e55440ffe7d132b3cd24b,2dfc2a0f1449bfd77ca86217ebf347fc62e96f160772801c2e25f61247ec17dc,49129b3dc756fe03c7b420b057b7a1d892bd85bdbc47612647706e1d5ab1e9c3,6fad43ba87ea6262473dd2671d6bdc49e1095e34,True,cpu,8,2.14.1+cpu,9114,726,1092,2.481647,3.630186,2.617619,5.147369,3.071003,4.483919,0.051945,0.294749,0.19191,0.190399,428.9
2026-10-06T19:22:52+00:00,A2Lr_hw5_R0,A2Lr_hw5,f2,wbgt_lj_max,wbgt,True,anomaly,sim k=5,,5,inner_2y,0 1 2 3 4 5 6 7 8 9,64163702cf016734a9febdadac2f44ca5d529cf96c2e55440ffe7d132b3cd24b,2dfc2a0f1449bfd77ca86217ebf347fc62e96f160772801c2e25f61247ec17dc,49129b3dc756fe03c7b420b057b7a1d892bd85bdbc47612647706e1d5ab1e9c3,6fad43ba87ea6262473dd2671d6bdc49e1095e34,True,cpu,8,2.14.1+cpu,10209,727,1092,2.378122,2.883265,2.395362,4.531287,2.9531,4.425341,0.007197,0.363698,0.194703,0.348465,545.4
2026-10-06T19:33:07+00:00,A2Lr_hw5_R0,A2Lr_hw5,f3,wbgt_lj_max,wbgt,True,anomaly,sim k=5,,5,inner_2y,0 1 2 3 4 5 6 7 8 9,64163702cf016734a9febdadac2f44ca5d529cf96c2e55440ffe7d132b3cd24b,2dfc2a0f1449bfd77ca86217ebf347fc62e96f160772801c2e25f61247ec17dc,49129b3dc756fe03c7b420b057b7a1d892bd85bdbc47612647706e1d5ab1e9c3,6fad43ba87ea6262473dd2671d6bdc49e1095e34,True,cpu,8,2.14.1+cpu,11305,727,1091,2.429089,2.984999,2.414989,4.769956,2.98803,4.333787,-0.005838,0.374208,0.18706,0.311226,614.9
2026-10-06T19:44:02+00:00,A2Lr_hw5_R0,A2Lr_hw5,f4,wbgt_lj_max,wbgt,True,anomaly,sim k=5,,5,inner_2y,0 1 2 3 4 5 6 7 8 9,64163702cf016734a9febdadac2f44ca5d529cf96c2e55440ffe7d132b3cd24b,2dfc2a0f1449bfd77ca86217ebf347fc62e96f160772801c2e25f61247ec17dc,49129b3dc756fe03c7b420b057b7a1d892bd85bdbc47612647706e1d5ab1e9c3,6fad43ba87ea6262473dd2671d6bdc49e1095e34,True,cpu,8,2.14.1+cpu,12401,726,1092,2.255908,3.224734,2.556573,4.878003,3.022778,3.744185,0.117605,0.338923,0.253697,0.138735,655.3
2026-10-06T20:25:48+00:00,A2Lr_hw5_R0rand,A2Lr_hw5,f1,wbgt_lj_max,wbgt,True,anomaly,rand k=5,,5,inner_2y,0 1 2 3 4 5 6 7 8 9,6c0d78f71c4bf690546dddac7074675c02fce101d9878eace2e8c29c4282a3d3,2dfc2a0f1449bfd77ca86217ebf347fc62e96f160772801c2e25f61247ec17dc,49129b3dc756fe03c7b420b057b7a1d892bd85bdbc47612647706e1d5ab1e9c3,6fad43ba87ea6262473dd2671d6bdc49e1095e34,True,cpu,8,2.14.1+cpu,9114,726,1092,2.478922,3.602612,2.617619,5.147369,3.071003,4.483919,0.052986,0.300106,0.192797,0.196548,447.7
2026-10-06T20:35:28+00:00,A2Lr_hw5_R0rand,A2Lr_hw5,f2,wbgt_lj_max,wbgt,True,anomaly,rand k=5,,5,inner_2y,0 1 2 3 4 5 6 7 8 9,6c0d78f71c4bf690546dddac7074675c02fce101d9878eace2e8c29c4282a3d3,2dfc2a0f1449bfd77ca86217ebf347fc62e96f160772801c2e25f61247ec17dc,49129b3dc756fe03c7b420b057b7a1d892bd85bdbc47612647706e1d5ab1e9c3,6fad43ba87ea6262473dd2671d6bdc49e1095e34,True,cpu,8,2.14.1+cpu,10209,727,1092,2.372714,2.941038,2.395362,4.531287,2.9531,4.425341,0.009455,0.350949,0.196535,0.33541,580.7
2026-10-06T20:45:28+00:00,A2Lr_hw5_R0rand,A2Lr_hw5,f3,wbgt_lj_max,wbgt,True,anomaly,rand k=5,,5,inner_2y,0 1 2 3 4 5 6 7 8 9,6c0d78f71c4bf690546dddac7074675c02fce101d9878eace2e8c29c4282a3d3,2dfc2a0f1449bfd77ca86217ebf347fc62e96f160772801c2e25f61247ec17dc,49129b3dc756fe03c7b420b057b7a1d892bd85bdbc47612647706e1d5ab1e9c3,6fad43ba87ea6262473dd2671d6bdc49e1095e34,True,cpu,8,2.14.1+cpu,11305,727,1091,2.440115,2.979693,2.414989,4.769956,2.98803,4.333787,-0.010404,0.375321,0.18337,0.312451,599.2
2026-10-06T20:56:19+00:00,A2Lr_hw5_R0rand,A2Lr_hw5,f4,wbgt_lj_max,wbgt,True,anomaly,rand k=5,,5,inner_2y,0 1 2 3 4 5 6 7 8 9,6c0d78f71c4bf690546dddac7074675c02fce101d9878eace2e8c29c4282a3d3,2dfc2a0f1449bfd77ca86217ebf347fc62e96f160772801c2e25f61247ec17dc,49129b3dc756fe03c7b420b057b7a1d892bd85bdbc47612647706e1d5ab1e9c3,6fad43ba87ea6262473dd2671d6bdc49e1095e34,True,cpu,8,2.14.1+cpu,12401,726,1092,2.255917,3.287966,2.556573,4.878003,3.022778,3.744185,0.117601,0.325961,0.253694,0.121847,651.0
2026-10-06T21:03:08+00:00,A2Lr_hw5_R1,A2Lr_hw5_R0,f1,wbgt_lj_max,wbgt,True,anomaly,time k=5,,5,inner_2y,0 1 2 3 4 5 6 7 8 9,2c2a86861c5ac724260ce6e3b15cebfddd5aa7363d43fe51088a838c8485e47f,2dfc2a0f1449bfd77ca86217ebf347fc62e96f160772801c2e25f61247ec17dc,49129b3dc756fe03c7b420b057b7a1d892bd85bdbc47612647706e1d5ab1e9c3,6fad43ba87ea6262473dd2671d6bdc49e1095e34,True,cpu,8,2.14.1+cpu,9114,726,1092,2.477652,3.658916,2.617619,5.147369,3.071003,4.483919,0.053471,0.289168,0.193211,0.183992,403.3
2026-10-06T21:11:32+00:00,A2Lr_hw5_R1,A2Lr_hw5_R0,f2,wbgt_lj_max,wbgt,True,anomaly,time k=5,,5,inner_2y,0 1 2 3 4 5 6 7 8 9,2c2a86861c5ac724260ce6e3b15cebfddd5aa7363d43fe51088a838c8485e47f,2dfc2a0f1449bfd77ca86217ebf347fc62e96f160772801c2e25f61247ec17dc,49129b3dc756fe03c7b420b057b7a1d892bd85bdbc47612647706e1d5ab1e9c3,6fad43ba87ea6262473dd2671d6bdc49e1095e34,True,cpu,8,2.14.1+cpu,10209,727,1092,2.38539,2.852438,2.395362,4.531287,2.9531,4.425341,0.004163,0.370502,0.192242,0.355431,503.5
2026-10-06T21:21:11+00:00,A2Lr_hw5_R1,A2Lr_hw5_R0,f3,wbgt_lj_max,wbgt,True,anomaly,time k=5,,5,inner_2y,0 1 2 3 4 5 6 7 8 9,2c2a86861c5ac724260ce6e3b15cebfddd5aa7363d43fe51088a838c8485e47f,2dfc2a0f1449bfd77ca86217ebf347fc62e96f160772801c2e25f61247ec17dc,49129b3dc756fe03c7b420b057b7a1d892bd85bdbc47612647706e1d5ab1e9c3,6fad43ba87ea6262473dd2671d6bdc49e1095e34,True,cpu,8,2.14.1+cpu,11305,727,1091,2.423208,2.975945,2.414989,4.769956,2.98803,4.333787,-0.003403,0.376106,0.189028,0.313315,579.3
2026-10-06T21:31:28+00:00,A2Lr_hw5_R1,A2Lr_hw5_R0,f4,wbgt_lj_max,wbgt,True,anomaly,time k=5,,5,inner_2y,0 1 2 3 4 5 6 7 8 9,2c2a86861c5ac724260ce6e3b15cebfddd5aa7363d43fe51088a838c8485e47f,2dfc2a0f1449bfd77ca86217ebf347fc62e96f160772801c2e25f61247ec17dc,49129b3dc756fe03c7b420b057b7a1d892bd85bdbc47612647706e1d5ab1e9c3,6fad43ba87ea6262473dd2671d6bdc49e1095e34,True,cpu,8,2.14.1+cpu,12401,726,1092,2.261367,3.218383,2.556573,4.878003,3.022778,3.744185,0.11547,0.340225,0.251891,0.140432,616.4
2026-10-07T05:44:38+00:00,A1prime_hw5_R1rand,A1prime_hw5,f1,t_max,v2,False,raw,time_rand k=5,,5,inner_2y,0 1 2 3 4 5 6 7 8 9,555b72d16be91c021006a34bcc089e58708798941c3d35e457ebd6613ab132c6,6e5de4167d3043a37b6c26aed948f48e971950e58cf3250454d96787a3b3079d,a99ec74b45026bf76e486be45d405a9a86893282ee261fae8fee4e03f284749f,6fad43ba87ea6262473dd2671d6bdc49e1095e34,True,cpu,8,2.14.1+cpu,9114,726,1092,2.222877,1.709873,2.721849,4.573185,2.5896,2.66772,0.183321,0.626109,0.141614,0.359051,567.3
2026-10-07T05:53:33+00:00,A1prime_hw5_R1rand,A1prime_hw5,f2,t_max,v2,False,raw,time_rand k=5,,5,inner_2y,0 1 2 3 4 5 6 7 8 9,555b72d16be91c021006a34bcc089e58708798941c3d35e457ebd6613ab132c6,6e5de4167d3043a37b6c26aed948f48e971950e58cf3250454d96787a3b3079d,a99ec74b45026bf76e486be45d405a9a86893282ee261fae8fee4e03f284749f,6fad43ba87ea6262473dd2671d6bdc49e1095e34,True,cpu,8,2.14.1+cpu,10209,727,1092,2.080005,2.058543,2.572437,4.722474,2.449487,2.435357,0.191426,0.564096,0.150841,0.154726,534.5
2026-10-07T06:06:35+00:00,A1prime_hw5_R1rand,A1prime_hw5,f3,t_max,v2,False,raw,time_rand k=5,,5,inner_2y,0 1 2 3 4 5 6 7 8 9,555b72d16be91c021006a34bcc089e58708798941c3d35e457ebd6613ab132c6,6e5de4167d3043a37b6c26aed948f48e971950e58cf3250454d96787a3b3079d,a99ec74b45026bf76e486be45d405a9a86893282ee261fae8fee4e03f284749f,6fad43ba87ea6262473dd2671d6bdc49e1095e34,True,cpu,8,2.14.1+cpu,11305,727,1091,2.321014,2.420833,2.694036,4.419761,2.720575,2.456042,0.138462,0.452271,0.146866,0.014336,782.5
2026-10-07T06:18:54+00:00,A1prime_hw5_R1rand,A1prime_hw5,f4,t_max,v2,False,raw,time_rand k=5,,5,inner_2y,0 1 2 3 4 5 6 7 8 9,555b72d16be91c021006a34bcc089e58708798941c3d35e457ebd6613ab132c6,6e5de4167d3043a37b6c26aed948f48e971950e58cf3250454d96787a3b3079d,a99ec74b45026bf76e486be45d405a9a86893282ee261fae8fee4e03f284749f,6fad43ba87ea6262473dd2671d6bdc49e1095e34,True,cpu,8,2.14.1+cpu,12401,726,1092,2.140568,2.528769,2.344342,4.211984,2.61508,3.145754,0.086922,0.399625,0.181452,0.196133,738.9
2026-10-07T06:25:10+00:00,A2Lr_hw5_R1rand,A2Lr_hw5,f1,wbgt_lj_max,wbgt,True,anomaly,time_rand k=5,,5,inner_2y,0 1 2 3 4 5 6 7 8 9,f95bcd2230d17ff7063f91d40db155793138a79beca1bbfa1c01a4fc46516a31,2dfc2a0f1449bfd77ca86217ebf347fc62e96f160772801c2e25f61247ec17dc,a99ec74b45026bf76e486be45d405a9a86893282ee261fae8fee4e03f284749f,6fad43ba87ea6262473dd2671d6bdc49e1095e34,True,cpu,8,2.14.1+cpu,9114,726,1092,2.47949,3.637831,2.617619,5.147369,3.071003,4.483919,0.052769,0.293264,0.192612,0.188694,368.3
2026-10-07T06:32:58+00:00,A2Lr_hw5_R1rand,A2Lr_hw5,f2,wbgt_lj_max,wbgt,True,anomaly,time_rand k=5,,5,inner_2y,0 1 2 3 4 5 6 7 8 9,f95bcd2230d17ff7063f91d40db155793138a79beca1bbfa1c01a4fc46516a31,2dfc2a0f1449bfd77ca86217ebf347fc62e96f160772801c2e25f61247ec17dc,a99ec74b45026bf76e486be45d405a9a86893282ee261fae8fee4e03f284749f,6fad43ba87ea6262473dd2671d6bdc49e1095e34,True,cpu,8,2.14.1+cpu,10209,727,1092,2.369307,2.889461,2.395362,4.531287,2.9531,4.425341,0.010877,0.362331,0.197688,0.347065,468.1
2026-10-07T06:41:51+00:00,A2Lr_hw5_R1rand,A2Lr_hw5,f3,wbgt_lj_max,wbgt,True,anomaly,time_rand k=5,,5,inner_2y,0 1 2 3 4 5 6 7 8 9,f95bcd2230d17ff7063f91d40db155793138a79beca1bbfa1c01a4fc46516a31,2dfc2a0f1449bfd77ca86217ebf347fc62e96f160772801c2e25f61247ec17dc,a99ec74b45026bf76e486be45d405a9a86893282ee261fae8fee4e03f284749f,6fad43ba87ea6262473dd2671d6bdc49e1095e34,True,cpu,8,2.14.1+cpu,11305,727,1091,2.423907,3.048782,2.414989,4.769956,2.98803,4.333787,-0.003693,0.360836,0.188794,0.296509,533.4
2026-10-07T06:52:01+00:00,A2Lr_hw5_R1rand,A2Lr_hw5,f4,wbgt_lj_max,wbgt,True,anomaly,time_rand k=5,,5,inner_2y,0 1 2 3 4 5 6 7 8 9,f95bcd2230d17ff7063f91d40db155793138a79beca1bbfa1c01a4fc46516a31,2dfc2a0f1449bfd77ca86217ebf347fc62e96f160772801c2e25f61247ec17dc,a99ec74b45026bf76e486be45d405a9a86893282ee261fae8fee4e03f284749f,6fad43ba87ea6262473dd2671d6bdc49e1095e34,True,cpu,8,2.14.1+cpu,12401,726,1092,2.253286,3.254287,2.556573,4.878003,3.022778,3.744185,0.11863,0.332865,0.254565,0.130842,610.2
2026-10-07T11:23:42+00:00,A1prime_hw5_Rg,A1prime_hw5,f1,t_max,v2,False,raw,region k=5,,5,inner_2y,0 1 2 3 4 5 6 7 8 9,daa4a93805108e885c7af6e5c6ef1ef105e1965c901ca1ec45ed622393171afb,6e5de4167d3043a37b6c26aed948f48e971950e58cf3250454d96787a3b3079d,f1dd5eaeb567030c00ef3c2eef74d4ba6e7b69cd218672e1e599ba85d31a41ff,42c556f4365c89c9295be55ae12974163f2d09f1,True,cpu,8,2.14.1+cpu,9114,726,1092,2.220087,1.747823,2.721849,4.573185,2.5896,2.66772,0.184346,0.61781,0.142691,0.344825,537.8
2026-10-07T11:35:32+00:00,A1prime_hw5_Rg,A1prime_hw5,f2,t_max,v2,False,raw,region k=5,,5,inner_2y,0 1 2 3 4 5 6 7 8 9,daa4a93805108e885c7af6e5c6ef1ef105e1965c901ca1ec45ed622393171afb,6e5de4167d3043a37b6c26aed948f48e971950e58cf3250454d96787a3b3079d,f1dd5eaeb567030c00ef3c2eef74d4ba6e7b69cd218672e1e599ba85d31a41ff,42c556f4365c89c9295be55ae12974163f2d09f1,True,cpu,8,2.14.1+cpu,10209,727,1092,2.062091,2.131571,2.572437,4.722474,2.449487,2.435357,0.19839,0.548632,0.158154,0.12474,709.7
2026-10-07T11:48:40+00:00,A1prime_hw5_Rg,A1prime_hw5,f3,t_max,v2,False,raw,region k=5,,5,inner_2y,0 1 2 3 4 5 6 7 8 9,daa4a93805108e885c7af6e5c6ef1ef105e1965c901ca1ec45ed622393171afb,6e5de4167d3043a37b6c26aed948f48e971950e58cf3250454d96787a3b3079d,f1dd5eaeb567030c00ef3c2eef74d4ba6e7b69cd218672e1e599ba85d31a41ff,42c556f4365c89c9295be55ae12974163f2d09f1,True,cpu,8,2.14.1+cpu,11305,727,1091,2.287773,2.435206,2.694036,4.419761,2.720575,2.456042,0.150801,0.449019,0.159085,0.008484,787.7
2026-10-07T12:01:14+00:00,A1prime_hw5_Rg,A1prime_hw5,f4,t_max,v2,False,raw,region k=5,,5,inner_2y,0 1 2 3 4 5 6 7 8 9,daa4a93805108e885c7af6e5c6ef1ef105e1965c901ca1ec45ed622393171afb,6e5de4167d3043a37b6c26aed948f48e971950e58cf3250454d96787a3b3079d,f1dd5eaeb567030c00ef3c2eef74d4ba6e7b69cd218672e1e599ba85d31a41ff,42c556f4365c89c9295be55ae12974163f2d09f1,True,cpu,8,2.14.1+cpu,12401,726,1092,2.111688,2.496925,2.344342,4.211984,2.61508,3.145754,0.099241,0.407186,0.192496,0.206256,754.1
2026-10-07T12:08:26+00:00,A2Lr_hw5_Rg,A2Lr_hw5,f1,wbgt_lj_max,wbgt,True,anomaly,region k=5,,5,inner_2y,0 1 2 3 4 5 6 7 8 9,c48c2b4e89d47a5b8fa53a625dc3feb516d3de0f1e8b15b76f96e25bb964e8c8,2dfc2a0f1449bfd77ca86217ebf347fc62e96f160772801c2e25f61247ec17dc,f1dd5eaeb567030c00ef3c2eef74d4ba6e7b69cd218672e1e599ba85d31a41ff,42c556f4365c89c9295be55ae12974163f2d09f1,True,cpu,8,2.14.1+cpu,9114,726,1092,2.418599,3.455341,2.617619,5.147369,3.071003,4.483919,0.076031,0.328717,0.21244,0.229393,424.9
2026-10-07T12:17:36+00:00,A2Lr_hw5_Rg,A2Lr_hw5,f2,wbgt_lj_max,wbgt,True,anomaly,region k=5,,5,inner_2y,0 1 2 3 4 5 6 7 8 9,c48c2b4e89d47a5b8fa53a625dc3feb516d3de0f1e8b15b76f96e25bb964e8c8,2dfc2a0f1449bfd77ca86217ebf347fc62e96f160772801c2e25f61247ec17dc,f1dd5eaeb567030c00ef3c2eef74d4ba6e7b69cd218672e1e599ba85d31a41ff,42c556f4365c89c9295be55ae12974163f2d09f1,True,cpu,8,2.14.1+cpu,10209,727,1092,2.326143,2.810644,2.395362,4.531287,2.9531,4.425341,0.028897,0.379725,0.212305,0.364875,549.9
2026-10-07T12:27:43+00:00,A2Lr_hw5_Rg,A2Lr_hw5,f3,wbgt_lj_max,wbgt,True,anomaly,region k=5,,5,inner_2y,0 1 2 3 4 5 6 7 8 9,c48c2b4e89d47a5b8fa53a625dc3feb516d3de0f1e8b15b76f96e25bb964e8c8,2dfc2a0f1449bfd77ca86217ebf347fc62e96f160772801c2e25f61247ec17dc,f1dd5eaeb567030c00ef3c2eef74d4ba6e7b69cd218672e1e599ba85d31a41ff,42c556f4365c89c9295be55ae12974163f2d09f1,True,cpu,8,2.14.1+cpu,11305,727,1091,2.352126,3.1253,2.414989,4.769956,2.98803,4.333787,0.026031,0.344795,0.212817,0.278852,607.4
2026-10-07T12:38:45+00:00,A2Lr_hw5_Rg,A2Lr_hw5,f4,wbgt_lj_max,wbgt,True,anomaly,region k=5,,5,inner_2y,0 1 2 3 4 5 6 7 8 9,c48c2b4e89d47a5b8fa53a625dc3feb516d3de0f1e8b15b76f96e25bb964e8c8,2dfc2a0f1449bfd77ca86217ebf347fc62e96f160772801c2e25f61247ec17dc,f1dd5eaeb567030c00ef3c2eef74d4ba6e7b69cd218672e1e599ba85d31a41ff,42c556f4365c89c9295be55ae12974163f2d09f1,True,cpu,8,2.14.1+cpu,12401,726,1092,2.215749,2.985519,2.556573,4.878003,3.022778,3.744185,0.133313,0.387963,0.266983,0.202625,661.4
2026-10-07T13:59:04+00:00,A1prime_hw5_C2,A1prime_hw5,f1,t_max,v2,False,raw,,dstgnn none,5,inner_2y,0 1 2 3 4 5 6 7 8 9,4c70f29e460602c5fcd53c12d5f1e3e2908db3927645db1e03912d1b8855586d,e1a9a9dc8c66367026dd85b32bb69167cd406d1b17aaaa17ff250efb177f2541,b5e778d6a696dc9204ccdb83e2919d9036315a3ef1a3c0a6de522b76578e9351,e0bb6b8f7ca1996e363096d528ab568b72d58b78,True,cpu,8,2.14.1+cpu,9114,726,1092,2.061527,1.726167,2.721849,4.573185,2.5896,2.66772,0.2426,0.622546,0.203921,0.352943,1161.6
2026-10-07T14:23:34+00:00,A1prime_hw5_C2,A1prime_hw5,f2,t_max,v2,False,raw,,dstgnn none,5,inner_2y,0 1 2 3 4 5 6 7 8 9,4c70f29e460602c5fcd53c12d5f1e3e2908db3927645db1e03912d1b8855586d,e1a9a9dc8c66367026dd85b32bb69167cd406d1b17aaaa17ff250efb177f2541,b5e778d6a696dc9204ccdb83e2919d9036315a3ef1a3c0a6de522b76578e9351,e0bb6b8f7ca1996e363096d528ab568b72d58b78,True,cpu,8,2.14.1+cpu,10209,727,1092,1.925747,1.779502,2.572437,4.722474,2.449487,2.435357,0.251392,0.623184,0.213816,0.269305,1460.7
2026-10-07T14:48:42+00:00,A1prime_hw5_C2,A1prime_hw5,f3,t_max,v2,False,raw,,dstgnn none,5,inner_2y,0 1 2 3 4 5 6 7 8 9,4c70f29e460602c5fcd53c12d5f1e3e2908db3927645db1e03912d1b8855586d,e1a9a9dc8c66367026dd85b32bb69167cd406d1b17aaaa17ff250efb177f2541,b5e778d6a696dc9204ccdb83e2919d9036315a3ef1a3c0a6de522b76578e9351,e0bb6b8f7ca1996e363096d528ab568b72d58b78,True,cpu,8,2.14.1+cpu,11305,727,1091,2.187353,1.824726,2.694036,4.419761,2.720575,2.456042,0.188076,0.587144,0.195996,0.257046,1499.1
2026-10-07T15:11:19+00:00,A1prime_hw5_C2,A1prime_hw5,f4,t_max,v2,False,raw,,dstgnn none,5,inner_2y,0 1 2 3 4 5 6 7 8 9,4c70f29e460602c5fcd53c12d5f1e3e2908db3927645db1e03912d1b8855586d,e1a9a9dc8c66367026dd85b32bb69167cd406d1b17aaaa17ff250efb177f2541,b5e778d6a696dc9204ccdb83e2919d9036315a3ef1a3c0a6de522b76578e9351,07dc87a78dffadc9db26a6ad26619b72cbe51e7c,False,cpu,8,2.14.1+cpu,12401,726,1092,2.018724,2.184081,2.344342,4.211984,2.61508,3.145754,0.138895,0.48146,0.228045,0.305705,1349.1
2026-10-07T15:30:44+00:00,A1prime_hw5_C3,A1prime_hw5,f1,t_max,v2,False,raw,,dstgnn static,5,inner_2y,0 1 2 3 4 5 6 7 8 9,8fe4abff0581f100cc6bcc4a20e9c0af470c9f0e136d6567471bb47600962d10,e1a9a9dc8c66367026dd85b32bb69167cd406d1b17aaaa17ff250efb177f2541,b5e778d6a696dc9204ccdb83e2919d9036315a3ef1a3c0a6de522b76578e9351,5bad9d1bb4bcd89e833ab5821233fadf718e113d,False,cpu,8,2.14.1+cpu,9114,726,1092,2.147775,1.611434,2.721849,4.573185,2.5896,2.66772,0.210913,0.647634,0.170615,0.395951,1159.0
2026-10-07T15:50:46+00:00,A1prime_hw5_C3,A1prime_hw5,f2,t_max,v2,False,raw,,dstgnn static,5,inner_2y,0 1 2 3 4 5 6 7 8 9,8fe4abff0581f100cc6bcc4a20e9c0af470c9f0e136d6567471bb47600962d10,e1a9a9dc8c66367026dd85b32bb69167cd406d1b17aaaa17ff250efb177f2541,b5e778d6a696dc9204ccdb83e2919d9036315a3ef1a3c0a6de522b76578e9351,5bad9d1bb4bcd89e833ab5821233fadf718e113d,False,cpu,8,2.14.1+cpu,10209,727,1092,2.052116,1.876659,2.572437,4.722474,2.449487,2.435357,0.202268,0.602611,0.162226,0.229411,1192.9
2026-10-07T16:13:17+00:00,A1prime_hw5_C3,A1prime_hw5,f3,t_max,v2,False,raw,,dstgnn static,5,inner_2y,0 1 2 3 4 5 6 7 8 9,8fe4abff0581f100cc6bcc4a20e9c0af470c9f0e136d6567471bb47600962d10,e1a9a9dc8c66367026dd85b32bb69167cd406d1b17aaaa17ff250efb177f2541,b5e778d6a696dc9204ccdb83e2919d9036315a3ef1a3c0a6de522b76578e9351,5bad9d1bb4bcd89e833ab5821233fadf718e113d,False,cpu,8,2.14.1+cpu,11305,727,1091,2.285478,1.977307,2.694036,4.419761,2.720575,2.456042,0.151653,0.552621,0.159929,0.194922,1344.2
2026-10-07T16:35:42+00:00,A1prime_hw5_C3,A1prime_hw5,f4,t_max,v2,False,raw,,dstgnn static,5,inner_2y,0 1 2 3 4 5 6 7 8 9,8fe4abff0581f100cc6bcc4a20e9c0af470c9f0e136d6567471bb47600962d10,e1a9a9dc8c66367026dd85b32bb69167cd406d1b17aaaa17ff250efb177f2541,b5e778d6a696dc9204ccdb83e2919d9036315a3ef1a3c0a6de522b76578e9351,d3cb995cfde9fca25a3b71ddb0e1974e0b6bb431,False,cpu,8,2.14.1+cpu,12401,726,1092,2.094469,2.188767,2.344342,4.211984,2.61508,3.145754,0.106586,0.480348,0.19908,0.304216,1339.5
2026-10-07T16:53:16+00:00,A1prime_hw5_C4,A1prime_hw5,f1,t_max,v2,False,raw,,dstgnn dynamic,5,inner_2y,0 1 2 3 4 5 6 7 8 9,c9761a997d94ab06784d1a1447c18e47f85dc3c3f3b5c4d1d769bc25064f4b9c,e1a9a9dc8c66367026dd85b32bb69167cd406d1b17aaaa17ff250efb177f2541,b5e778d6a696dc9204ccdb83e2919d9036315a3ef1a3c0a6de522b76578e9351,6028eb3bc12e58fe982eecfc02114f2b654051dd,False,cpu,8,2.14.1+cpu,9114,726,1092,2.151721,1.667807,2.721849,4.573185,2.5896,2.66772,0.209464,0.635307,0.169092,0.374819,1047.4
2026-10-07T17:14:58+00:00,A1prime_hw5_C4,A1prime_hw5,f2,t_max,v2,False,raw,,dstgnn dynamic,5,inner_2y,0 1 2 3 4 5 6 7 8 9,c9761a997d94ab06784d1a1447c18e47f85dc3c3f3b5c4d1d769bc25064f4b9c,e1a9a9dc8c66367026dd85b32bb69167cd406d1b17aaaa17ff250efb177f2541,b5e778d6a696dc9204ccdb83e2919d9036315a3ef1a3c0a6de522b76578e9351,8bad91911c2bc0d9f60a6751eae0ee40932eb496,False,cpu,8,2.14.1+cpu,10209,727,1092,2.0264,1.97776,2.572437,4.722474,2.449487,2.435357,0.212264,0.581203,0.172725,0.187897,1293.7
2026-10-07T17:36:01+00:00,A1prime_hw5_C4,A1prime_hw5,f3,t_max,v2,False,raw,,dstgnn dynamic,5,inner_2y,0 1 2 3 4 5 6 7 8 9,c9761a997d94ab06784d1a1447c18e47f85dc3c3f3b5c4d1d769bc25064f4b9c,e1a9a9dc8c66367026dd85b32bb69167cd406d1b17aaaa17ff250efb177f2541,b5e778d6a696dc9204ccdb83e2919d9036315a3ef1a3c0a6de522b76578e9351,8bad91911c2bc0d9f60a6751eae0ee40932eb496,False,cpu,8,2.14.1+cpu,11305,727,1091,2.276207,2.086249,2.694036,4.419761,2.720575,2.456042,0.155094,0.527972,0.163336,0.150565,1255.0
2026-10-07T17:57:34+00:00,A1prime_hw5_C4,A1prime_hw5,f4,t_max,v2,False,raw,,dstgnn dynamic,5,inner_2y,0 1 2 3 4 5 6 7 8 9,c9761a997d94ab06784d1a1447c18e47f85dc3c3f3b5c4d1d769bc25064f4b9c,e1a9a9dc8c66367026dd85b32bb69167cd406d1b17aaaa17ff250efb177f2541,b5e778d6a696dc9204ccdb83e2919d9036315a3ef1a3c0a6de522b76578e9351,8bad91911c2bc0d9f60a6751eae0ee40932eb496,False,cpu,8,2.14.1+cpu,12401,726,1092,2.104077,2.27958,2.344342,4.211984,2.61508,3.145754,0.102487,0.458787,0.195406,0.275347,1287.0
2026-10-07T18:18:01+00:00,A1prime_hw5_C4a,A1prime_hw5,f1,t_max,v2,False,raw,,dstgnn dynamic +adaptive,5,inner_2y,0 1 2 3 4 5 6 7 8 9,b9bd277f7c436b1cae89094247522f6e75b0a0b6dd298934d4a95bc5a6660b07,e1a9a9dc8c66367026dd85b32bb69167cd406d1b17aaaa17ff250efb177f2541,b5e778d6a696dc9204ccdb83e2919d9036315a3ef1a3c0a6de522b76578e9351,8bad91911c2bc0d9f60a6751eae0ee40932eb496,False,cpu,8,2.14.1+cpu,9114,726,1092,2.140619,1.624978,2.721849,4.573185,2.5896,2.66772,0.213542,0.644673,0.173378,0.390874,1218.2
2026-10-07T18:42:22+00:00,A1prime_hw5_C4a,A1prime_hw5,f2,t_max,v2,False,raw,,dstgnn dynamic +adaptive,5,inner_2y,0 1 2 3 4 5 6 7 8 9,b9bd277f7c436b1cae89094247522f6e75b0a0b6dd298934d4a95bc5a6660b07,e1a9a9dc8c66367026dd85b32bb69167cd406d1b17aaaa17ff250efb177f2541,b5e778d6a696dc9204ccdb83e2919d9036315a3ef1a3c0a6de522b76578e9351,8bad91911c2bc0d9f60a6751eae0ee40932eb496,False,cpu,8,2.14.1+cpu,10209,727,1092,2.039502,1.760687,2.572437,4.722474,2.449487,2.435357,0.207171,0.627169,0.167376,0.277031,1452.6
2026-10-07T19:08:14+00:00,A1prime_hw5_C4a,A1prime_hw5,f3,t_max,v2,False,raw,,dstgnn dynamic +adaptive,5,inner_2y,0 1 2 3 4 5 6 7 8 9,b9bd277f7c436b1cae89094247522f6e75b0a0b6dd298934d4a95bc5a6660b07,e1a9a9dc8c66367026dd85b32bb69167cd406d1b17aaaa17ff250efb177f2541,b5e778d6a696dc9204ccdb83e2919d9036315a3ef1a3c0a6de522b76578e9351,8bad91911c2bc0d9f60a6751eae0ee40932eb496,False,cpu,8,2.14.1+cpu,11305,727,1091,2.272908,2.058892,2.694036,4.419761,2.720575,2.456042,0.156319,0.534162,0.164549,0.161703,1545.6
2026-10-07T19:34:42+00:00,A1prime_hw5_C4a,A1prime_hw5,f4,t_max,v2,False,raw,,dstgnn dynamic +adaptive,5,inner_2y,0 1 2 3 4 5 6 7 8 9,b9bd277f7c436b1cae89094247522f6e75b0a0b6dd298934d4a95bc5a6660b07,e1a9a9dc8c66367026dd85b32bb69167cd406d1b17aaaa17ff250efb177f2541,b5e778d6a696dc9204ccdb83e2919d9036315a3ef1a3c0a6de522b76578e9351,8bad91911c2bc0d9f60a6751eae0ee40932eb496,False,cpu,8,2.14.1+cpu,12401,726,1092,2.093698,2.212774,2.344342,4.211984,2.61508,3.145754,0.106914,0.474648,0.199375,0.296584,1579.1
2026-10-07T19:37:18+00:00,A1prime_hw5_U1,A1prime_hw5,f1,t_max,v2,False,raw,,lstm_upstream,5,inner_2y,0 1 2 3 4 5 6 7 8 9,b1c224c68223a29e5a5588dc7c7c0d2a79816c0ae47add44aa00079ddf9e1b7a,e1a9a9dc8c66367026dd85b32bb69167cd406d1b17aaaa17ff250efb177f2541,b5e778d6a696dc9204ccdb83e2919d9036315a3ef1a3c0a6de522b76578e9351,8bad91911c2bc0d9f60a6751eae0ee40932eb496,False,cpu,8,2.14.1+cpu,9114,726,1092,2.209667,1.489403,2.721849,4.573185,2.5896,2.66772,0.188174,0.674318,0.146715,0.441694,147.1
2026-10-07T19:40:17+00:00,A1prime_hw5_U1,A1prime_hw5,f2,t_max,v2,False,raw,,lstm_upstream,5,inner_2y,0 1 2 3 4 5 6 7 8 9,b1c224c68223a29e5a5588dc7c7c0d2a79816c0ae47add44aa00079ddf9e1b7a,e1a9a9dc8c66367026dd85b32bb69167cd406d1b17aaaa17ff250efb177f2541,b5e778d6a696dc9204ccdb83e2919d9036315a3ef1a3c0a6de522b76578e9351,8bad91911c2bc0d9f60a6751eae0ee40932eb496,False,cpu,8,2.14.1+cpu,10209,727,1092,2.088491,1.742993,2.572437,4.722474,2.449487,2.435357,0.188127,0.630915,0.147376,0.284297,173.3
2026-10-07T19:43:12+00:00,A1prime_hw5_U1,A1prime_hw5,f3,t_max,v2,False,raw,,lstm_upstream,5,inner_2y,0 1 2 3 4 5 6 7 8 9,b1c224c68223a29e5a5588dc7c7c0d2a79816c0ae47add44aa00079ddf9e1b7a,e1a9a9dc8c66367026dd85b32bb69167cd406d1b17aaaa17ff250efb177f2541,b5e778d6a696dc9204ccdb83e2919d9036315a3ef1a3c0a6de522b76578e9351,8bad91911c2bc0d9f60a6751eae0ee40932eb496,False,cpu,8,2.14.1+cpu,11305,727,1091,2.354736,1.76866,2.694036,4.419761,2.720575,2.456042,0.125945,0.599829,0.134471,0.279874,170.3
2026-10-07T19:46:18+00:00,A1prime_hw5_U1,A1prime_hw5,f4,t_max,v2,False,raw,,lstm_upstream,5,inner_2y,0 1 2 3 4 5 6 7 8 9,b1c224c68223a29e5a5588dc7c7c0d2a79816c0ae47add44aa00079ddf9e1b7a,e1a9a9dc8c66367026dd85b32bb69167cd406d1b17aaaa17ff250efb177f2541,b5e778d6a696dc9204ccdb83e2919d9036315a3ef1a3c0a6de522b76578e9351,8bad91911c2bc0d9f60a6751eae0ee40932eb496,False,cpu,8,2.14.1+cpu,12401,726,1092,2.132916,2.086016,2.344342,4.211984,2.61508,3.145754,0.090186,0.504743,0.184378,0.336879,181.4
2026-10-07T19:58:24+00:00,A2Lr_hw5_C2,A2Lr_hw5,f1,wbgt_lj_max,wbgt,True,anomaly,,dstgnn none,5,inner_2y,0 1 2 3 4 5 6 7 8 9,6b8cb4bd60cd9044bb173ad0efb7c065bb3a458436ccdcd23e48f12f7c971a8b,d26b80d5ea7cc6288c0e3ee42fd7650fd1e87d834b7f31b726c909e0f4cddfa1,b5e778d6a696dc9204ccdb83e2919d9036315a3ef1a3c0a6de522b76578e9351,8bad91911c2bc0d9f60a6751eae0ee40932eb496,False,cpu,8,2.14.1+cpu,9114,726,1092,2.312869,3.363755,2.617619,5.147369,3.071003,4.483919,0.116423,0.34651,0.246868,0.249818,721.9
2026-10-07T20:14:56+00:00,A2Lr_hw5_C2,A2Lr_hw5,f2,wbgt_lj_max,wbgt,True,anomaly,,dstgnn none,5,inner_2y,0 1 2 3 4 5 6 7 8 9,6b8cb4bd60cd9044bb173ad0efb7c065bb3a458436ccdcd23e48f12f7c971a8b,d26b80d5ea7cc6288c0e3ee42fd7650fd1e87d834b7f31b726c909e0f4cddfa1,b5e778d6a696dc9204ccdb83e2919d9036315a3ef1a3c0a6de522b76578e9351,8bad91911c2bc0d9f60a6751eae0ee40932eb496,False,cpu,8,2.14.1+cpu,10209,727,1092,2.257217,2.796286,2.395362,4.531287,2.9531,4.425341,0.057672,0.382894,0.235645,0.36812,986.6
2026-10-08T04:15:07+00:00,A2Lr_hw5_C2,A2Lr_hw5,f3,wbgt_lj_max,wbgt,True,anomaly,,dstgnn none,5,inner_2y,0 1 2 3 4 5 6 7 8 9,6b8cb4bd60cd9044bb173ad0efb7c065bb3a458436ccdcd23e48f12f7c971a8b,d26b80d5ea7cc6288c0e3ee42fd7650fd1e87d834b7f31b726c909e0f4cddfa1,b5e778d6a696dc9204ccdb83e2919d9036315a3ef1a3c0a6de522b76578e9351,8bad91911c2bc0d9f60a6751eae0ee40932eb496,False,cpu,8,2.14.1+cpu,11305,727,1091,2.298906,2.837384,2.414989,4.769956,2.98803,4.333787,0.048068,0.405155,0.230628,0.345288,1176.7
2026-10-08T04:36:32+00:00,A2Lr_hw5_C2,A2Lr_hw5,f4,wbgt_lj_max,wbgt,True,anomaly,,dstgnn none,5,inner_2y,0 1 2 3 4 5 6 7 8 9,6b8cb4bd60cd9044bb173ad0efb7c065bb3a458436ccdcd23e48f12f7c971a8b,d26b80d5ea7cc6288c0e3ee42fd7650fd1e87d834b7f31b726c909e0f4cddfa1,b5e778d6a696dc9204ccdb83e2919d9036315a3ef1a3c0a6de522b76578e9351,8bad91911c2bc0d9f60a6751eae0ee40932eb496,False,cpu,8,2.14.1+cpu,12401,726,1092,2.143053,2.667811,2.556573,4.878003,3.022778,3.744185,0.161748,0.453094,0.291032,0.287479,1277.2
2026-10-08T04:55:25+00:00,A2Lr_hw5_C3,A2Lr_hw5,f1,wbgt_lj_max,wbgt,True,anomaly,,dstgnn static,5,inner_2y,0 1 2 3 4 5 6 7 8 9,61626f76158076a24a1a99011e10c5d4eca0a54a4863546de612be1c45209627,d26b80d5ea7cc6288c0e3ee42fd7650fd1e87d834b7f31b726c909e0f4cddfa1,b5e778d6a696dc9204ccdb83e2919d9036315a3ef1a3c0a6de522b76578e9351,8bad91911c2bc0d9f60a6751eae0ee40932eb496,False,cpu,8,2.14.1+cpu,9114,726,1092,2.396668,3.685254,2.617619,5.147369,3.071003,4.483919,0.084409,0.284051,0.219581,0.178118,1127.3
2026-10-08T05:14:12+00:00,A2Lr_hw5_C3,A2Lr_hw5,f2,wbgt_lj_max,wbgt,True,anomaly,,dstgnn static,5,inner_2y,0 1 2 3 4 5 6 7 8 9,61626f76158076a24a1a99011e10c5d4eca0a54a4863546de612be1c45209627,d26b80d5ea7cc6288c0e3ee42fd7650fd1e87d834b7f31b726c909e0f4cddfa1,b5e778d6a696dc9204ccdb83e2919d9036315a3ef1a3c0a6de522b76578e9351,8bad91911c2bc0d9f60a6751eae0ee40932eb496,False,cpu,8,2.14.1+cpu,10209,727,1092,2.334178,3.049458,2.395362,4.531287,2.9531,4.425341,0.025542,0.327022,0.209584,0.31091,1121.4
2026-10-08T05:33:00+00:00,A2Lr_hw5_C3,A2Lr_hw5,f3,wbgt_lj_max,wbgt,True,anomaly,,dstgnn static,5,inner_2y,0 1 2 3 4 5 6 7 8 9,61626f76158076a24a1a99011e10c5d4eca0a54a4863546de612be1c45209627,d26b80d5ea7cc6288c0e3ee42fd7650fd1e87d834b7f31b726c909e0f4cddfa1,b5e778d6a696dc9204ccdb83e2919d9036315a3ef1a3c0a6de522b76578e9351,8bad91911c2bc0d9f60a6751eae0ee40932eb496,False,cpu,8,2.14.1+cpu,11305,727,1091,2.400689,2.909698,2.414989,4.769956,2.98803,4.333787,0.005921,0.389995,0.196564,0.328601,1123.2
2026-10-08T05:55:42+00:00,A2Lr_hw5_C3,A2Lr_hw5,f4,wbgt_lj_max,wbgt,True,anomaly,,dstgnn static,5,inner_2y,0 1 2 3 4 5 6 7 8 9,61626f76158076a24a1a99011e10c5d4eca0a54a4863546de612be1c45209627,d26b80d5ea7cc6288c0e3ee42fd7650fd1e87d834b7f31b726c909e0f4cddfa1,b5e778d6a696dc9204ccdb83e2919d9036315a3ef1a3c0a6de522b76578e9351,8bad91911c2bc0d9f60a6751eae0ee40932eb496,False,cpu,8,2.14.1+cpu,12401,726,1092,2.248948,3.128249,2.556573,4.878003,3.022778,3.744185,0.120327,0.358703,0.256,0.164505,1357.4
2026-10-08T06:11:56+00:00,A2Lr_hw5_C4,A2Lr_hw5,f1,wbgt_lj_max,wbgt,True,anomaly,,dstgnn dynamic,5,inner_2y,0 1 2 3 4 5 6 7 8 9,e900d09127ede785fe83c005405aefc739a14b288ebe80fb9e90cde6ec4e1bfc,d26b80d5ea7cc6288c0e3ee42fd7650fd1e87d834b7f31b726c909e0f4cddfa1,b5e778d6a696dc9204ccdb83e2919d9036315a3ef1a3c0a6de522b76578e9351,8bad91911c2bc0d9f60a6751eae0ee40932eb496,False,cpu,8,2.14.1+cpu,9114,726,1092,2.3978,3.586709,2.617619,5.147369,3.071003,4.483919,0.083977,0.303196,0.219213,0.200095,968.0
2026-10-08T06:31:55+00:00,A2Lr_hw5_C4,A2Lr_hw5,f2,wbgt_lj_max,wbgt,True,anomaly,,dstgnn dynamic,5,inner_2y,0 1 2 3 4 5 6 7 8 9,e900d09127ede785fe83c005405aefc739a14b288ebe80fb9e90cde6ec4e1bfc,d26b80d5ea7cc6288c0e3ee42fd7650fd1e87d834b7f31b726c909e0f4cddfa1,b5e778d6a696dc9204ccdb83e2919d9036315a3ef1a3c0a6de522b76578e9351,8bad91911c2bc0d9f60a6751eae0ee40932eb496,False,cpu,8,2.14.1+cpu,10209,727,1092,2.329818,3.094848,2.395362,4.531287,2.9531,4.425341,0.027363,0.317005,0.21106,0.300653,1194.7
2026-10-08T06:50:48+00:00,A2Lr_hw5_C4,A2Lr_hw5,f3,wbgt_lj_max,wbgt,True,anomaly,,dstgnn dynamic,5,inner_2y,0 1 2 3 4 5 6 7 8 9,e900d09127ede785fe83c005405aefc739a14b288ebe80fb9e90cde6ec4e1bfc,d26b80d5ea7cc6288c0e3ee42fd7650fd1e87d834b7f31b726c909e0f4cddfa1,b5e778d6a696dc9204ccdb83e2919d9036315a3ef1a3c0a6de522b76578e9351,8bad91911c2bc0d9f60a6751eae0ee40932eb496,False,cpu,8,2.14.1+cpu,11305,727,1091,2.388537,2.959783,2.414989,4.769956,2.98803,4.333787,0.010953,0.379495,0.200631,0.317045,1128.2
2026-10-08T07:13:22+00:00,A2Lr_hw5_C4,A2Lr_hw5,f4,wbgt_lj_max,wbgt,True,anomaly,,dstgnn dynamic,5,inner_2y,0 1 2 3 4 5 6 7 8 9,e900d09127ede785fe83c005405aefc739a14b288ebe80fb9e90cde6ec4e1bfc,d26b80d5ea7cc6288c0e3ee42fd7650fd1e87d834b7f31b726c909e0f4cddfa1,b5e778d6a696dc9204ccdb83e2919d9036315a3ef1a3c0a6de522b76578e9351,8bad91911c2bc0d9f60a6751eae0ee40932eb496,False,cpu,8,2.14.1+cpu,12401,726,1092,2.230766,3.216293,2.556573,4.878003,3.022778,3.744185,0.127439,0.340654,0.262015,0.14099,1349.3
2026-10-08T07:51:28+00:00,A2Lr_hw5_C4a,A2Lr_hw5,f1,wbgt_lj_max,wbgt,True,anomaly,,dstgnn dynamic +adaptive,5,inner_2y,0 1 2 3 4 5 6 7 8 9,1f5ec4abfdde1874dbdb31a8affc3b2b17a36a63de81706c2715f5d081227f57,d26b80d5ea7cc6288c0e3ee42fd7650fd1e87d834b7f31b726c909e0f4cddfa1,b5e778d6a696dc9204ccdb83e2919d9036315a3ef1a3c0a6de522b76578e9351,8bad91911c2bc0d9f60a6751eae0ee40932eb496,False,cpu,8,2.14.1+cpu,9114,726,1092,2.381065,3.647135,2.617619,5.147369,3.071003,4.483919,0.09037,0.291456,0.224662,0.186619,2281.4
2026-10-08T10:28:21+00:00,A2Lr_hw5_C4a,A2Lr_hw5,f2,wbgt_lj_max,wbgt,True,anomaly,,dstgnn dynamic +adaptive,5,inner_2y,0 1 2 3 4 5 6 7 8 9,1f5ec4abfdde1874dbdb31a8affc3b2b17a36a63de81706c2715f5d081227f57,d26b80d5ea7cc6288c0e3ee42fd7650fd1e87d834b7f31b726c909e0f4cddfa1,b5e778d6a696dc9204ccdb83e2919d9036315a3ef1a3c0a6de522b76578e9351,8bad91911c2bc0d9f60a6751eae0ee40932eb496,False,cpu,8,2.14.1+cpu,10209,727,1092,2.333167,3.160203,2.395362,4.531287,2.9531,4.425341,0.025965,0.302582,0.209926,0.285885,9407.8
2026-10-08T10:50:25+00:00,A2Lr_hw5_C4a,A2Lr_hw5,f3,wbgt_lj_max,wbgt,True,anomaly,,dstgnn dynamic +adaptive,5,inner_2y,0 1 2 3 4 5 6 7 8 9,1f5ec4abfdde1874dbdb31a8affc3b2b17a36a63de81706c2715f5d081227f57,d26b80d5ea7cc6288c0e3ee42fd7650fd1e87d834b7f31b726c909e0f4cddfa1,b5e778d6a696dc9204ccdb83e2919d9036315a3ef1a3c0a6de522b76578e9351,8bad91911c2bc0d9f60a6751eae0ee40932eb496,False,cpu,8,2.14.1+cpu,11305,727,1091,2.40139,2.936993,2.414989,4.769956,2.98803,4.333787,0.005631,0.384273,0.19633,0.322303,1317.0
2026-10-08T11:18:00+00:00,A2Lr_hw5_C4a,A2Lr_hw5,f4,wbgt_lj_max,wbgt,True,anomaly,,dstgnn dynamic +adaptive,5,inner_2y,0 1 2 3 4 5 6 7 8 9,1f5ec4abfdde1874dbdb31a8affc3b2b17a36a63de81706c2715f5d081227f57,d26b80d5ea7cc6288c0e3ee42fd7650fd1e87d834b7f31b726c909e0f4cddfa1,b5e778d6a696dc9204ccdb83e2919d9036315a3ef1a3c0a6de522b76578e9351,8bad91911c2bc0d9f60a6751eae0ee40932eb496,False,cpu,8,2.14.1+cpu,12401,726,1092,2.214645,3.113001,2.556573,4.878003,3.022778,3.744185,0.133745,0.361829,0.267348,0.168577,1650.6
2026-10-08T11:20:18+00:00,A2Lr_hw5_U1,A2Lr_hw5,f1,wbgt_lj_max,wbgt,True,anomaly,,lstm_upstream,5,inner_2y,0 1 2 3 4 5 6 7 8 9,19f57fc8d84bea04233337af8ab9a62c0a384c799fd0a2ed89496e8898776e3c,d26b80d5ea7cc6288c0e3ee42fd7650fd1e87d834b7f31b726c909e0f4cddfa1,b5e778d6a696dc9204ccdb83e2919d9036315a3ef1a3c0a6de522b76578e9351,8bad91911c2bc0d9f60a6751eae0ee40932eb496,False,cpu,8,2.14.1+cpu,9114,726,1092,2.347331,3.395553,2.617619,5.147369,3.071003,4.483919,0.103257,0.340332,0.235647,0.242726,132.3
2026-10-08T11:22:49+00:00,A2Lr_hw5_U1,A2Lr_hw5,f2,wbgt_lj_max,wbgt,True,anomaly,,lstm_upstream,5,inner_2y,0 1 2 3 4 5 6 7 8 9,19f57fc8d84bea04233337af8ab9a62c0a384c799fd0a2ed89496e8898776e3c,d26b80d5ea7cc6288c0e3ee42fd7650fd1e87d834b7f31b726c909e0f4cddfa1,b5e778d6a696dc9204ccdb83e2919d9036315a3ef1a3c0a6de522b76578e9351,8bad91911c2bc0d9f60a6751eae0ee40932eb496,False,cpu,8,2.14.1+cpu,10209,727,1092,2.229513,3.096184,2.395362,4.531287,2.9531,4.425341,0.069237,0.31671,0.245026,0.300351,147.2
2026-10-08T11:25:40+00:00,A2Lr_hw5_U1,A2Lr_hw5,f3,wbgt_lj_max,wbgt,True,anomaly,,lstm_upstream,5,inner_2y,0 1 2 3 4 5 6 7 8 9,19f57fc8d84bea04233337af8ab9a62c0a384c799fd0a2ed89496e8898776e3c,d26b80d5ea7cc6288c0e3ee42fd7650fd1e87d834b7f31b726c909e0f4cddfa1,b5e778d6a696dc9204ccdb83e2919d9036315a3ef1a3c0a6de522b76578e9351,8bad91911c2bc0d9f60a6751eae0ee40932eb496,False,cpu,8,2.14.1+cpu,11305,727,1091,2.300104,3.096401,2.414989,4.769956,2.98803,4.333787,0.047572,0.350853,0.230227,0.285521,166.9
2026-10-08T11:28:59+00:00,A2Lr_hw5_U1,A2Lr_hw5,f4,wbgt_lj_max,wbgt,True,anomaly,,lstm_upstream,5,inner_2y,0 1 2 3 4 5 6 7 8 9,19f57fc8d84bea04233337af8ab9a62c0a384c799fd0a2ed89496e8898776e3c,d26b80d5ea7cc6288c0e3ee42fd7650fd1e87d834b7f31b726c909e0f4cddfa1,b5e778d6a696dc9204ccdb83e2919d9036315a3ef1a3c0a6de522b76578e9351,8bad91911c2bc0d9f60a6751eae0ee40932eb496,False,cpu,8,2.14.1+cpu,12401,726,1092,2.200729,2.88136,2.556573,4.878003,3.022778,3.744185,0.139188,0.409316,0.271952,0.230444,195.0
